{"textures":{"0":"modelengine:entity/minotaur_crate"},"elements":[{"from":[1.7460313,10.904762,7.428571],"to":[14.317461,12.047619,18.857143],"rotation":{"angle":0.0,"axis":"y","origin":[8.031746,2.9047613,13.142858]},"faces":{"east":{"uv":[9.0,10.125,11.5,10.375],"rotation":0,"texture":"#0","tintindex":0},"south":{"uv":[9.0,9.875,11.75,10.125],"rotation":0,"texture":"#0","tintindex":0},"north":{"uv":[9.0,9.875,11.75,10.125],"rotation":0,"texture":"#0","tintindex":0},"west":{"uv":[11.0,0.0,13.5,0.25],"rotation":0,"texture":"#0","tintindex":0},"up":{"uv":[2.75,2.5,0.0,0.0],"rotation":0,"texture":"#0","tintindex":0},"down":{"uv":[2.75,2.5,0.0,5.0],"rotation":0,"texture":"#0","tintindex":0}}},{"from":[1.7460313,12.047619,9.142858],"to":[14.317461,13.190476,17.142857],"rotation":{"angle":0.0,"axis":"y","origin":[8.031746,2.9047613,13.142858]},"faces":{"east":{"uv":[9.0,10.125,10.75,10.375],"rotation":0,"texture":"#0","tintindex":0},"south":{"uv":[9.0,10.125,11.75,10.375],"rotation":0,"texture":"#0","tintindex":0},"north":{"uv":[9.0,9.875,11.75,10.125],"rotation":0,"texture":"#0","tintindex":0},"west":{"uv":[11.5,2.375,13.25,2.625],"rotation":0,"texture":"#0","tintindex":0},"up":{"uv":[5.5,1.75,2.75,0.0],"rotation":0,"texture":"#0","tintindex":0},"down":{"uv":[5.5,1.75,2.75,3.5],"rotation":0,"texture":"#0","tintindex":0}}},{"from":[2.31746,8.047619,17.714287],"to":[13.746032,10.904762,18.857143],"rotation":{"angle":0.0,"axis":"y","origin":[8.031746,2.9047613,13.142858]},"faces":{"east":{"uv":[2.25,8.25,2.5,8.875],"rotation":0,"texture":"#0","tintindex":0},"south":{"uv":[0.0,8.875,2.5,9.5],"rotation":0,"texture":"#0","tintindex":0},"north":{"uv":[7.125,5.875,9.625,6.5],"rotation":0,"texture":"#0","tintindex":0},"west":{"uv":[11.125,7.125,11.375,7.75],"rotation":0,"texture":"#0","tintindex":0},"up":{"uv":[13.5,0.5,11.0,0.25],"rotation":0,"texture":"#0","tintindex":0},"down":{"uv":[13.5,0.5,11.0,0.75],"rotation":0,"texture":"#0","tintindex":0}}},{"from":[2.31746,8.041904,18.857143],"to":[13.746032,9.75619,19.428572],"rotation":{"angle":0.0,"axis":"y","origin":[8.031746,2.9047613,13.142858]},"faces":{"east":{"uv":[2.375,11.0,2.5,11.375],"rotation":0,"texture":"#0","tintindex":0},"south":{"uv":[6.125,9.25,8.625,9.625],"rotation":0,"texture":"#0","tintindex":0},"north":{"uv":[3.625,9.25,6.125,9.625],"rotation":0,"texture":"#0","tintindex":0},"west":{"uv":[11.5,10.375,11.625,10.75],"rotation":0,"texture":"#0","tintindex":0},"up":{"uv":[14.0,2.75,11.5,2.625],"rotation":0,"texture":"#0","tintindex":0},"down":{"uv":[14.25,2.25,11.75,2.375],"rotation":0,"texture":"#0","tintindex":0}}},{"from":[10.888889,8.333333,18.857143],"to":[13.746032,9.476191,20.0],"rotation":{"angle":0.0,"axis":"y","origin":[8.031746,2.9047613,13.142858]},"faces":{"east":{"uv":[6.125,12.75,6.375,13.0],"rotation":0,"texture":"#0","tintindex":0},"south":{"uv":[13.125,10.0,13.75,10.25],"rotation":0,"texture":"#0","tintindex":0},"north":{"uv":[4.375,6.25,5.0,6.5],"rotation":0,"texture":"#0","tintindex":0},"west":{"uv":[0.375,13.5,0.625,13.75],"rotation":0,"texture":"#0","tintindex":0},"up":{"uv":[13.75,10.5,13.125,10.25],"rotation":0,"texture":"#0","tintindex":0},"down":{"uv":[13.75,10.5,13.125,10.75],"rotation":0,"texture":"#0","tintindex":0}}},{"from":[2.31746,8.333333,18.857143],"to":[5.174603,9.476191,20.0],"rotation":{"angle":0.0,"axis":"y","origin":[8.031746,2.9047613,13.142858]},"faces":{"east":{"uv":[3.25,13.5,3.5,13.75],"rotation":0,"texture":"#0","tintindex":0},"south":{"uv":[13.125,11.0,13.75,11.25],"rotation":0,"texture":"#0","tintindex":0},"north":{"uv":[13.125,10.75,13.75,11.0],"rotation":0,"texture":"#0","tintindex":0},"west":{"uv":[5.875,13.5,6.125,13.75],"rotation":0,"texture":"#0","tintindex":0},"up":{"uv":[13.25,13.375,12.625,13.125],"rotation":0,"texture":"#0","tintindex":0},"down":{"uv":[0.625,13.25,0.0,13.5],"rotation":0,"texture":"#0","tintindex":0}}},{"from":[2.31746,8.047619,6.857143],"to":[13.746032,9.761905,7.428571],"rotation":{"angle":0.0,"axis":"y","origin":[8.031746,2.9047613,13.142858]},"faces":{"east":{"uv":[11.5,10.75,11.625,11.125],"rotation":0,"texture":"#0","tintindex":0},"south":{"uv":[9.5,1.25,12.0,1.625],"rotation":0,"texture":"#0","tintindex":0},"north":{"uv":[0.0,9.5,2.5,9.875],"rotation":0,"texture":"#0","tintindex":0},"west":{"uv":[11.75,9.875,11.875,10.25],"rotation":0,"texture":"#0","tintindex":0},"up":{"uv":[14.25,7.875,11.75,7.75],"rotation":0,"texture":"#0","tintindex":0},"down":{"uv":[15.125,9.875,12.625,10.0],"rotation":0,"texture":"#0","tintindex":0}}},{"from":[2.31746,8.047619,7.428571],"to":[13.746032,10.904762,8.571428],"rotation":{"angle":0.0,"axis":"y","origin":[8.031746,2.9047613,13.142858]},"faces":{"east":{"uv":[12.25,5.75,12.5,6.375],"rotation":0,"texture":"#0","tintindex":0},"south":{"uv":[8.875,6.5,11.375,7.125],"rotation":0,"texture":"#0","tintindex":0},"north":{"uv":[0.0,8.875,2.5,9.5],"rotation":0,"texture":"#0","tintindex":0},"west":{"uv":[5.625,13.125,5.875,13.75],"rotation":0,"texture":"#0","tintindex":0},"up":{"uv":[13.5,1.0,11.0,0.75],"rotation":0,"texture":"#0","tintindex":0},"down":{"uv":[13.5,1.0,11.0,1.25],"rotation":0,"texture":"#0","tintindex":0}}},{"from":[13.174603,7.4761906,8.0],"to":[14.317461,10.904762,18.285715],"rotation":{"angle":0.0,"axis":"y","origin":[8.031746,2.9047613,13.142858]},"faces":{"east":{"uv":[8.75,4.375,11.0,5.125],"rotation":0,"texture":"#0","tintindex":0},"south":{"uv":[3.25,12.75,3.5,13.5],"rotation":0,"texture":"#0","tintindex":0},"north":{"uv":[3.625,8.25,3.875,9.0],"rotation":0,"texture":"#0","tintindex":0},"west":{"uv":[8.75,2.875,11.0,3.625],"rotation":0,"texture":"#0","tintindex":0},"up":{"uv":[8.625,11.875,8.375,9.625],"rotation":0,"texture":"#0","tintindex":0},"down":{"uv":[7.625,10.0,7.375,12.25],"rotation":0,"texture":"#0","tintindex":0}}},{"from":[13.746032,8.047619,17.714287],"to":[15.460318,12.619047,19.428572],"rotation":{"angle":0.0,"axis":"y","origin":[8.031746,2.9047613,13.142858]},"faces":{"east":{"uv":[11.75,6.375,12.125,7.375],"rotation":0,"texture":"#0","tintindex":0},"south":{"uv":[0.0,11.875,0.375,12.875],"rotation":0,"texture":"#0","tintindex":0},"north":{"uv":[3.875,6.75,4.25,7.75],"rotation":0,"texture":"#0","tintindex":0},"west":{"uv":[0.375,11.875,0.75,12.875],"rotation":0,"texture":"#0","tintindex":0},"up":{"uv":[13.625,8.75,13.25,8.375],"rotation":0,"texture":"#0","tintindex":0},"down":{"uv":[13.625,8.75,13.25,9.125],"rotation":0,"texture":"#0","tintindex":0}}},{"from":[13.746032,8.047619,6.857143],"to":[15.460318,12.619047,8.571428],"rotation":{"angle":0.0,"axis":"y","origin":[8.031746,2.9047613,13.142858]},"faces":{"east":{"uv":[11.875,10.875,12.25,11.875],"rotation":0,"texture":"#0","tintindex":0},"south":{"uv":[11.875,11.875,12.25,12.875],"rotation":0,"texture":"#0","tintindex":0},"north":{"uv":[11.875,9.875,12.25,10.875],"rotation":0,"texture":"#0","tintindex":0},"west":{"uv":[12.125,6.375,12.5,7.375],"rotation":0,"texture":"#0","tintindex":0},"up":{"uv":[13.625,11.625,13.25,11.25],"rotation":0,"texture":"#0","tintindex":0},"down":{"uv":[13.625,11.625,13.25,12.0],"rotation":0,"texture":"#0","tintindex":0}}},{"from":[13.746032,12.047619,8.571428],"to":[15.460318,13.761905,17.714287],"rotation":{"angle":0.0,"axis":"y","origin":[8.031746,2.9047613,13.142858]},"faces":{"east":{"uv":[9.5,2.375,11.5,2.75],"rotation":0,"texture":"#0","tintindex":0},"south":{"uv":[13.25,13.125,13.625,13.5],"rotation":0,"texture":"#0","tintindex":0},"north":{"uv":[13.25,12.75,13.625,13.125],"rotation":0,"texture":"#0","tintindex":0},"west":{"uv":[9.0,9.5,11.0,9.875],"rotation":0,"texture":"#0","tintindex":0},"up":{"uv":[3.25,11.375,2.875,9.375],"rotation":0,"texture":"#0","tintindex":0},"down":{"uv":[3.625,9.375,3.25,11.375],"rotation":0,"texture":"#0","tintindex":0}}},{"from":[13.174603,12.619047,12.0],"to":[16.031746,15.476191,14.285715],"rotation":{"angle":0.0,"axis":"y","origin":[8.031746,2.9047613,13.142858]},"faces":{"east":{"uv":[3.625,12.625,4.125,13.25],"rotation":0,