{"textures":{"0":"modelengine:entity/minotaur_crate"},"elements":[{"from":[6.285714,7.428571,6.9714284],"to":[9.714286,8.571428,8.114285],"rotation":{"angle":0.0,"axis":"y","origin":[8.0,4.0,1.8285708]},"faces":{"east":{"uv":[7.375,13.625,7.625,13.875],"rotation":0,"texture":"#0","tintindex":0},"south":{"uv":[13.0,5.5,13.75,5.75],"rotation":0,"texture":"#0","tintindex":0},"north":{"uv":[12.875,7.375,13.625,7.625],"rotation":0,"texture":"#0","tintindex":0},"west":{"uv":[13.625,7.375,13.875,7.625],"rotation":0,"texture":"#0","tintindex":0},"up":{"uv":[13.875,8.125,13.125,7.875],"rotation":0,"texture":"#0","tintindex":0},"down":{"uv":[13.875,8.125,13.125,8.375],"rotation":0,"texture":"#0","tintindex":0}}},{"from":[6.857143,6.857143,6.9714284],"to":[9.142858,7.428571,7.542857],"rotation":{"angle":0.0,"axis":"y","origin":[8.0,4.0,1.8285708]},"faces":{"east":{"uv":[13.875,1.25,14.0,1.375],"rotation":0,"texture":"#0","tintindex":0},"south":{"uv":[13.625,8.5,14.125,8.625],"rotation":0,"texture":"#0","tintindex":0},"north":{"uv":[13.625,8.375,14.125,8.5],"rotation":0,"texture":"#0","tintindex":0},"west":{"uv":[13.875,1.375,14.0,1.5],"rotation":0,"texture":"#0","tintindex":0},"up":{"uv":[14.125,8.75,13.625,8.625],"rotation":0,"texture":"#0","tintindex":0},"down":{"uv":[14.125,8.75,13.625,8.875],"rotation":0,"texture":"#0","tintindex":0}}},{"from":[9.142858,7.428571,8.114285],"to":[9.714286,9.142858,8.685715],"rotation":{"angle":0.0,"axis":"y","origin":[8.0,4.0,1.8285708]},"faces":{"east":{"uv":[3.5,12.75,3.625,13.125],"rotation":0,"texture":"#0","tintindex":0},"south":{"uv":[0.625,12.875,0.75,13.25],"rotation":0,"texture":"#0","tintindex":0},"north":{"uv":[12.375,7.375,12.5,7.75],"rotation":0,"texture":"#0","tintindex":0},"west":{"uv":[6.25,13.0,6.375,13.375],"rotation":0,"texture":"#0","tintindex":0},"up":{"uv":[1.625,14.0,1.5,13.875],"rotation":0,"texture":"#0","tintindex":0},"down":{"uv":[14.0,1.5,13.875,1.625],"rotation":0,"texture":"#0","tintindex":0}}},{"from":[6.285714,7.428571,8.114285],"to":[6.857143,9.142858,8.685715],"rotation":{"angle":0.0,"axis":"y","origin":[8.0,4.0,1.8285708]},"faces":{"east":{"uv":[9.875,13.5,10.0,13.875],"rotation":0,"texture":"#0","tintindex":0},"south":{"uv":[12.625,13.5,12.75,13.875],"rotation":0,"texture":"#0","tintindex":0},"north":{"uv":[6.125,13.5,6.25,13.875],"rotation":0,"texture":"#0","tintindex":0},"west":{"uv":[2.0,13.625,2.125,14.0],"rotation":0,"texture":"#0","tintindex":0},"up":{"uv":[1.75,14.0,1.625,13.875],"rotation":0,"texture":"#0","tintindex":0},"down":{"uv":[14.0,1.625,13.875,1.75],"rotation":0,"texture":"#0","tintindex":0}}},{"from":[7.714286,7.428571,8.114285],"to":[8.285714,9.142858,8.685715],"rotation":{"angle":0.0,"axis":"y","origin":[6.5714283,4.0,1.8285708]},"faces":{"east":{"uv":[13.625,11.25,13.75,11.625],"rotation":0,"texture":"#0","tintindex":0},"south":{"uv":[13.625,11.625,13.75,12.0],"rotation":0,"texture":"#0","tintindex":0},"north":{"uv":[5.25,13.625,5.375,14.0],"rotation":0,"texture":"#0","tintindex":0},"west":{"uv":[13.625,12.75,13.75,13.125],"rotation":0,"texture":"#0","tintindex":0},"up":{"uv":[1.875,14.0,1.75,13.875],"rotation":0,"texture":"#0","tintindex":0},"down":{"uv":[14.0,1.75,13.875,1.875],"rotation":0,"texture":"#0","tintindex":0}}}],"display":{"head":{"translation":[0.0,-6.4,0.0],"scale":[4.0,4.0,4.0]}}}