{"textures":{"0":"modelengine:entity/minotaur_crate"},"elements":[{"from":[5.714286,8.571428,7.4945054],"to":[10.285714,9.142858,8.6373625],"rotation":{"angle":0.0,"axis":"y","origin":[8.0,1.7142854,1.7802196]},"faces":{"east":{"uv":[8.875,7.75,9.125,7.875],"rotation":0,"texture":"#0","tintindex":0},"south":{"uv":[13.25,2.5,14.25,2.625],"rotation":0,"texture":"#0","tintindex":0},"north":{"uv":[13.25,2.375,14.25,2.5],"rotation":0,"texture":"#0","tintindex":0},"west":{"uv":[11.0,5.0,11.25,5.125],"rotation":0,"texture":"#0","tintindex":0},"up":{"uv":[13.75,1.5,12.75,1.25],"rotation":0,"texture":"#0","tintindex":0},"down":{"uv":[13.75,1.5,12.75,1.75],"rotation":0,"texture":"#0","tintindex":0}}},{"from":[5.714286,6.857143,7.4945054],"to":[10.285714,7.428571,8.6373625],"rotation":{"angle":0.0,"axis":"y","origin":[8.0,1.7142854,1.7802196]},"faces":{"east":{"uv":[13.625,9.0,13.875,9.125],"rotation":0,"texture":"#0","tintindex":0},"south":{"uv":[13.25,12.125,14.25,12.25],"rotation":0,"texture":"#0","tintindex":0},"north":{"uv":[13.25,12.0,14.25,12.125],"rotation":0,"texture":"#0","tintindex":0},"west":{"uv":[13.625,13.375,13.875,13.5],"rotation":0,"texture":"#0","tintindex":0},"up":{"uv":[13.75,2.0,12.75,1.75],"rotation":0,"texture":"#0","tintindex":0},"down":{"uv":[13.75,2.0,12.75,2.25],"rotation":0,"texture":"#0","tintindex":0}}},{"from":[5.714286,7.428571,7.4945054],"to":[6.285714,8.571428,8.6373625],"rotation":{"angle":0.0,"axis":"y","origin":[8.0,1.7142854,1.7802196]},"faces":{"east":{"uv":[13.5,5.875,13.75,6.125],"rotation":0,"texture":"#0","tintindex":0},"south":{"uv":[0.875,13.75,1.0,14.0],"rotation":0,"texture":"#0","tintindex":0},"north":{"uv":[0.75,13.75,0.875,14.0],"rotation":0,"texture":"#0","tintindex":0},"west":{"uv":[7.125,13.5,7.375,13.75],"rotation":0,"texture":"#0","tintindex":0},"up":{"uv":[1.125,14.0,1.0,13.75],"rotation":0,"texture":"#0","tintindex":0},"down":{"uv":[1.25,13.75,1.125,14.0],"rotation":0,"texture":"#0","tintindex":0}}},{"from":[9.714286,7.428571,7.4945054],"to":[10.285714,8.571428,8.6373625],"rotation":{"angle":0.0,"axis":"y","origin":[8.0,1.7142854,1.7802196]},"faces":{"east":{"uv":[8.625,13.5,8.875,13.75],"rotation":0,"texture":"#0","tintindex":0},"south":{"uv":[13.75,1.25,13.875,1.5],"rotation":0,"texture":"#0","tintindex":0},"north":{"uv":[1.25,13.75,1.375,14.0],"rotation":0,"texture":"#0","tintindex":0},"west":{"uv":[8.875,13.5,9.125,13.75],"rotation":0,"texture":"#0","tintindex":0},"up":{"uv":[13.875,1.75,13.75,1.5],"rotation":0,"texture":"#0","tintindex":0},"down":{"uv":[13.875,1.75,13.75,2.0],"rotation":0,"texture":"#0","tintindex":0}}},{"from":[6.285714,7.428571,7.7802196],"to":[9.714286,8.571428,8.351648],"rotation":{"angle":0.0,"axis":"y","origin":[8.0,1.7142854,1.7802196]},"faces":{"east":{"uv":[13.75,2.0,13.875,2.25],"rotation":0,"texture":"#0","tintindex":0},"south":{"uv":[12.875,6.375,13.625,6.625],"rotation":0,"texture":"#0","tintindex":0},"north":{"uv":[12.875,6.125,13.625,6.375],"rotation":0,"texture":"#0","tintindex":0},"west":{"uv":[3.25,13.75,3.375,14.0],"rotation":0,"texture":"#0","tintindex":0},"up":{"uv":[11.0,9.5,10.25,9.375],"rotation":0,"texture":"#0","tintindex":0},"down":{"uv":[14.25,5.75,13.5,5.875],"rotation":0,"texture":"#0","tintindex":0}}},{"from":[7.428571,7.428571,7.4945054],"to":[8.571428,8.571428,8.6373625],"rotation":{"angle":0.0,"axis":"y","origin":[8.0,1.7142854,1.7802196]},"faces":{"east":{"uv":[9.375,13.5,9.625,13.75],"rotation":0,"texture":"#0","tintindex":0},"south":{"uv":[9.625,13.5,9.875,13.75],"rotation":0,"texture":"#0","tintindex":0},"north":{"uv":[9.125,13.5,9.375,13.75],"rotation":0,"texture":"#0","tintindex":0},"west":{"uv":[11.625,13.5,11.875,13.75],"rotation":0,"texture":"#0","tintindex":0},"up":{"uv":[12.125,13.75,11.875,13.5],"rotation":0,"texture":"#0","tintindex":0},"down":{"uv":[12.375,13.5,12.125,13.75],"rotation":0,"texture":"#0","tintindex":0}}},{"from":[9.142858,9.142858,7.4945054],"to":[10.285714,9.714286,8.065934],"rotation":{"angle":0.0,"axis":"y","origin":[8.0,1.7142854,1.7802196]},"faces":{"east":{"uv":[11.625,6.375,11.75,6.5],"rotation":0,"texture":"#0","tintindex":0},"south":{"uv":[13.75,4.375,14.0,4.5],"rotation":0,"texture":"#0","tintindex":0},"north":{"uv":[13.75,4.25,14.0,4.375],"rotation":0,"texture":"#0","tintindex":0},"west":{"uv":[11.75,10.25,11.875,10.375],"rotation":0,"texture":"#0","tintindex":0},"up":{"uv":[14.0,4.625,13.75,4.5],"rotation":0,"texture":"#0","tintindex":0},"down":{"uv":[14.0,4.625,13.75,4.75],"rotation":0,"texture":"#0","tintindex":0}}},{"from":[5.714286,9.142858,7.4945054],"to":[6.857143,9.714286,8.065934],"rotation":{"angle":0.0,"axis":"y","origin":[8.0,1.7142854,1.7802196]},"faces":{"east":{"uv":[8.875,12.375,9.0,12.5],"rotation":0,"texture":"#0","tintindex":0},"south":{"uv":[13.75,4.875,14.0,5.0],"rotation":0,"texture":"#0","tintindex":0},"north":{"uv":[13.75,4.75,14.0,4.875],"rotation":0,"texture":"#0","tintindex":0},"west":{"uv":[3.5,13.125,3.625,13.25],"rotation":0,"texture":"#0","tintindex":0},"up":{"uv":[14.0,5.125,13.75,5.0],"rotation":0,"texture":"#0","tintindex":0},"down":{"uv":[14.0,5.125,13.75,5.25],"rotation":0,"texture":"#0","tintindex":0}}},{"from":[7.428571,9.142858,8.065934],"to":[8.571428,10.285714,8.6373625],"rotation":{"angle":0.0,"axis":"y","origin":[8.0,1.7142854,1.7802196]},"faces":{"east":{"uv":[3.375,13.75,3.5,14.0],"rotation":0,"texture":"#0","tintindex":0},"south":{"uv":[13.25,13.5,13.5,13.75],"rotation":0,"texture":"#0","tintindex":0},"north":{"uv":[12.375,13.5,12.625,13.75],"rotation":0,"texture":"#0","tintindex":0},"west":{"uv":[13.75,5.5,13.875,5.75],"rotation":0,"texture":"#0","tintindex":0},"up":{"uv":[14.0,5.375,13.75,5.25],"rotation":0,"texture":"#0","tintindex":0},"down":{"uv":[5.875,13.75,5.625,13.875],"rotation":0,"texture":"#0","tintindex":0}}},{"from":[6.857143,6.285714,7.6373625],"to":[7.714286,7.428571,8.208791],"rotation":{"angle":0.0,"axis":"y","origin":[8.0,1.7142854,1.7802196]},"faces":{"east":{"uv":[5.875,13.75,6.0,14.0],"rotation":0,"texture":"#0","tintindex":0},"south":{"uv":[1.75,13.625,2.0,13.875],"rotation":0,"texture":"#0","tintindex":0},"north":{"uv":[13.5,13.5,13.75,13.75],"rotation":0,"texture":"#0","tintindex":0},"west":{"uv":[13.75,5.875,13.875,6.125],"rotation":0,"texture":"#0","tintindex":0},"up":{"uv":[6.5,13.875,6.25,13.75],"rotation":0,"texture":"#0","tintindex":0},"down":{"uv":[6.75,13.75,6.5,13.875],"rotation":0,"texture":"#0","tintindex":0}}},{"from":[8.285714,6.285714,7.6373625],"to":[9.142858,7.428571,8.208791],"rotation":{"angle":0.0,"axis":"y","origin":[8.0,1.7142854,1.7802196]},"faces":{"east":{"uv":[6.0,13.75,6.125,14.0],"rotation":0,"texture":"#0","tintindex":0},"south":{"uv":[2.625,13.625,2.875,13.875],"rotation":0,"texture":"#0","tintindex":0},"north":{"uv":[2.375,13.625,2.625,13.875],"rotation":0,"texture":"#0","tintindex":0},"west":{"uv":[13.75,6.625,13.875,6.875],"rotation":0,"texture":"#0","tintindex":0},"up":{"uv":[7.0,13.875,6.75,13.75],"rotation":0,"texture":"#0","tintindex":0},"down":{"uv":[14.0,6.875,13.75,7.0],"rotation":0,"texture":"#0","tintindex":0}}},{"from":[9.714286,6.285714,7.7802196],"to":[10.571428,7.428571,8.351648],"rotation":{"angle":0.0,"axis":"y","origin":[8.0,1.7142854,1.7802196]},"faces":{"east":{"uv":[13.75,7.0,13.875,7.25],"rotation":0,"texture":"#0","tintindex":0},"south":{"uv":[2.875,13.625,3.125,13.875],"rotation":0,"texture":"#0","tintindex":0},"north":{"uv":[13.625,2.75,13.875,3.0],"rotation":0,"texture":"#0","tintindex":0},"west":{"uv":[7.125,13.75,7.25,14.0],"rotation":0,"texture":"#0","tintindex":0},"up":{"uv":[14.0,7.375,13.75,7.25],"rotation":0,"texture":"#0","tintindex":0},"down":{"uv":[7.875,13.75,7.625,13.875],"rotation":0,"texture":"#0","tintindex":0}}},{"from":[5.428571,6.285714,7.7802196],"to":[6.285714,7.428571,8.351648],"rotation":{"angle":0.0,"axis":"y","origin":[8.0,1.7142854,1.7802196]},"faces":{"east":{"uv":[7.25,13.75,7.375,14.0],"rotation":0,"texture":"#0","tintindex":0},