{"textures":{"0":"modelengine:entity/xi_crate"},"elements":[{"from":[2.8571424,8.0,4.0],"to":[13.142858,10.857143,12.0],"rotation":{"angle":0.0,"axis":"y","origin":[8.0,8.0,8.0]},"faces":{"east":{"uv":[1.75,8.25,3.5,8.875],"rotation":0,"texture":"#0","tintindex":0},"south":{"uv":[9.125,4.75,11.375,5.375],"rotation":0,"texture":"#0","tintindex":0},"north":{"uv":[9.125,4.125,11.375,4.75],"rotation":0,"texture":"#0","tintindex":0},"west":{"uv":[9.125,5.375,10.875,6.0],"rotation":0,"texture":"#0","tintindex":0},"up":{"uv":[5.0,5.25,2.75,3.5],"rotation":0,"texture":"#0","tintindex":0},"down":{"uv":[2.25,5.0,0.0,6.75],"rotation":0,"texture":"#0","tintindex":0}}},{"from":[7.714286,13.142858,13.714286],"to":[8.285714,14.285715,14.285715],"rotation":{"angle":0.0,"axis":"y","origin":[4.8571424,9.142858,8.0]},"faces":{"east":{"uv":[6.875,13.375,7.0,13.625],"rotation":0,"texture":"#0","tintindex":0},"south":{"uv":[13.375,6.875,13.5,7.125],"rotation":0,"texture":"#0","tintindex":0},"north":{"uv":[6.75,13.375,6.875,13.625],"rotation":0,"texture":"#0","tintindex":0},"west":{"uv":[7.0,13.375,7.125,13.625],"rotation":0,"texture":"#0","tintindex":0},"up":{"uv":[11.0,6.0,10.875,5.875],"rotation":0,"texture":"#0","tintindex":0},"down":{"uv":[8.625,11.25,8.5,11.375],"rotation":0,"texture":"#0","tintindex":0}}},{"from":[7.142857,12.571428,13.085714],"to":[8.857143,14.285715,13.657143],"rotation":{"angle":0.0,"axis":"y","origin":[8.0,13.428572,13.428572]},"faces":{"east":{"uv":[5.5,13.375,5.625,13.75],"rotation":0,"texture":"#0","tintindex":0},"south":{"uv":[13.0,11.625,13.375,12.0],"rotation":0,"texture":"#0","tintindex":0},"north":{"uv":[13.0,11.25,13.375,11.625],"rotation":0,"texture":"#0","tintindex":0},"west":{"uv":[5.625,13.375,5.75,13.75],"rotation":0,"texture":"#0","tintindex":0},"up":{"uv":[8.75,6.25,8.375,6.125],"rotation":0,"texture":"#0","tintindex":0},"down":{"uv":[9.25,10.25,8.875,10.375],"rotation":0,"texture":"#0","tintindex":0}}},{"from":[13.148572,10.285714,12.005714],"to":[14.862858,14.342857,13.72],"rotation":{"angle":0.0,"axis":"y","origin":[8.0,8.0,8.0]},"faces":{"east":{"uv":[11.75,0.0,12.125,0.875],"rotation":0,"texture":"#0","tintindex":0},"south":{"uv":[0.25,11.75,0.625,12.625],"rotation":0,"texture":"#0","tintindex":0},"north":{"uv":[11.625,2.875,12.0,3.75],"rotation":0,"texture":"#0","tintindex":0},"west":{"uv":[11.75,0.875,12.125,1.75],"rotation":0,"texture":"#0","tintindex":0},"up":{"uv":[13.25,0.375,12.875,0.0],"rotation":0,"texture":"#0","tintindex":0},"down":{"uv":[13.25,0.375,12.875,0.75],"rotation":0,"texture":"#0","tintindex":0}}},{"from":[13.434286,8.0,12.0],"to":[15.148572,10.857143,13.714286],"rotation":{"angle":22.5,"axis":"z","origin":[14.005714,10.0,12.862858]},"faces":{"east":{"uv":[12.0,9.875,12.375,10.5],"rotation":0,"texture":"#0","tintindex":0},"south":{"uv":[12.375,2.625,12.75,3.25],"rotation":0,"texture":"#0","tintindex":0},"north":{"uv":[3.5,8.25,3.875,8.875],"rotation":0,"texture":"#0","tintindex":0},"west":{"uv":[8.5,12.375,8.875,13.0],"rotation":0,"texture":"#0","tintindex":0},"up":{"uv":[1.125,13.25,0.75,12.875],"rotation":0,"texture":"#0","tintindex":0},"down":{"uv":[13.25,0.75,12.875,1.125],"rotation":0,"texture":"#0","tintindex":0}}},{"from":[1.1371422,10.285714,12.005714],"to":[2.851428,14.342857,13.72],"rotation":{"angle":0.0,"axis":"y","origin":[8.0,8.0,8.0]},"faces":{"east":{"uv":[11.75,11.375,12.125,12.25],"rotation":0,"texture":"#0","tintindex":0},"south":{"uv":[12.0,2.875,12.375,3.75],"rotation":0,"texture":"#0","tintindex":0},"north":{"uv":[11.75,4.375,12.125,5.25],"rotation":0,"texture":"#0","tintindex":0},"west":{"uv":[12.125,0.0,12.5,0.875],"rotation":0,"texture":"#0","tintindex":0},"up":{"uv":[1.5,13.25,1.125,12.875],"rotation":0,"texture":"#0","tintindex":0},"down":{"uv":[2.875,12.875,2.5,13.25],"rotation":0,"texture":"#0","tintindex":0}}},{"from":[0.85142803,8.0,12.0],"to":[2.565714,10.857143,13.714286],"rotation":{"angle":-22.5,"axis":"z","origin":[1.9942851,10.0,12.862858]},"faces":{"east":{"uv":[9.25,12.375,9.625,13.0],"rotation":0,"texture":"#0","tintindex":0},"south":{"uv":[9.625,12.375,10.0,13.0],"rotation":0,"texture":"#0","tintindex":0},"north":{"uv":[8.875,12.375,9.25,13.0],"rotation":0,"texture":"#0","tintindex":0},"west":{"uv":[12.375,9.875,12.75,10.5],"rotation":0,"texture":"#0","tintindex":0},"up":{"uv":[13.25,3.625,12.875,3.25],"rotation":0,"texture":"#0","tintindex":0},"down":{"uv":[13.25,4.375,12.875,4.75],"rotation":0,"texture":"#0","tintindex":0}}},{"from":[13.142858,8.0,4.0],"to":[14.285715,14.285715,12.0],"rotation":{"angle":0.0,"axis":"y","origin":[8.0,8.0,8.0]},"faces":{"east":{"uv":[3.875,7.75,5.625,9.125],"rotation":0,"texture":"#0","tintindex":0},"south":{"uv":[11.5,11.375,11.75,12.75],"rotation":0,"texture":"#0","tintindex":0},"north":{"uv":[1.25,11.5,1.5,12.875],"rotation":0,"texture":"#0","tintindex":0},"west":{"uv":[0.0,8.125,1.75,9.5],"rotation":0,"texture":"#0","tintindex":0},"up":{"uv":[7.125,13.0,6.875,11.25],"rotation":0,"texture":"#0","tintindex":0},"down":{"uv":[7.375,11.25,7.125,13.0],"rotation":0,"texture":"#0","tintindex":0}}},{"from":[1.7142854,8.0,4.0],"to":[2.8571424,14.285715,12.0],"rotation":{"angle":0.0,"axis":"y","origin":[8.0,8.0,8.0]},"faces":{"east":{"uv":[1.75,8.125,0.0,9.5],"rotation":0,"texture":"#0","tintindex":0},"south":{"uv":[11.75,11.375,11.5,12.75],"rotation":0,"texture":"#0","tintindex":0},"north":{"uv":[1.5,11.5,1.25,12.875],"rotation":0,"texture":"#0","tintindex":0},"west":{"uv":[5.625,7.75,3.875,9.125],"rotation":0,"texture":"#0","tintindex":0},"up":{"uv":[6.875,13.0,7.125,11.25],"rotation":0,"texture":"#0","tintindex":0},"down":{"uv":[7.125,11.25,7.375,13.0],"rotation":0,"texture":"#0","tintindex":0}}},{"from":[14.285715,8.0,4.0],"to":[14.857143,9.142858,12.0],"rotation":{"angle":0.0,"axis":"y","origin":[8.0,8.0,8.0]},"faces":{"east":{"uv":[11.125,10.875,12.875,11.125],"rotation":0,"texture":"#0","tintindex":0},"south":{"uv":[5.25,11.375,5.375,11.625],"rotation":0,"texture":"#0","tintindex":0},"north":{"uv":[3.75,8.875,3.875,9.125],"rotation":0,"texture":"#0","tintindex":0},"west":{"uv":[11.25,9.5,13.0,9.75],"rotation":0,"texture":"#0","tintindex":0},"up":{"uv":[6.125,13.375,6.0,11.625],"rotation":0,"texture":"#0","tintindex":0},"down":{"uv":[0.75,11.75,0.625,13.5],"rotation":0,"texture":"#0","tintindex":0}}},{"from":[1.1428566,8.0,4.0],"to":[1.7142854,9.142858,12.0],"rotation":{"angle":0.0,"axis":"y","origin":[8.0,8.0,8.0]},"faces":{"east":{"uv":[11.375,1.875,13.125,2.125],"rotation":0,"texture":"#0","tintindex":0},"south":{"uv":[12.625,11.125,12.75,11.375],"rotation":0,"texture":"#0","tintindex":0},"north":{"uv":[11.625,1.5,11.75,1.75],"rotation":0,"texture":"#0","tintindex":0},"west":{"uv":[11.375,2.125,13.125,2.375],"rotation":0,"texture":"#0","tintindex":0},"up":{"uv":[2.375,14.25,2.25,12.5],"rotation":0,"texture":"#0","tintindex":0},"down":{"uv":[2.5,12.5,2.375,14.25],"rotation":0,"texture":"#0","tintindex":0}}},{"from":[1.7142854,8.0,2.8571424],"to":[14.285715,14.285715,4.0],"rotation":{"angle":0.0,"axis":"y","origin":[8.0,8.0,8.0]},"faces":{"east":{"uv":[5.25,11.625,5.5,13.0],"rotation":0,"texture":"#0","tintindex":0},"south":{"uv":[0.0,6.75,2.25,8.125],"rotation":0,"texture":"#0","tintindex":0},"north":{"uv":[5.125,4.875,7.375,6.25],"rotation":0,"texture":"#0","tintindex":0},"west":{"uv":[5.5,11.625,5.75,13.0],"rotation":0,"texture":"#0","tintindex":0},"up":{"uv":[13.25,6.625,11.0,6.375],"rotation":0,"texture":"#0","tintindex":0},"down":{"uv":[13.25,6.625,11.0,6.875],"rotation":0,"texture":"#0","tintindex":0}}},{"from":[2.8571424,8.0,2.8571424],"to":[13.142858,9.142858,2.8571424],"rotation":{"angle":0.0,"axis":"y","origin":[8.0,8.0,8.0]},"faces":{"east":{"uv":[2.875,12.875,3.0,13.125],"rotation":0,"texture":"#0","tintindex":0},"south":{"uv":[11.0,7.125,13.25,7.375],"rotation":0,"texture":"#0","tintindex":0},"north":{"uv":[11.0,6.875,13.25,7.125],"rotation":0,"texture":"#0","tintindex":0},"west":{"uv":[12.875,10.875,13.0,11.125],