{"textures":{"0":"modelengine:entity/xi_crate"},"elements":[{"from":[1.7460313,10.904762,7.428571],"to":[14.317461,12.047619,18.857143],"rotation":{"angle":0.0,"axis":"y","origin":[8.031746,2.9047613,13.142858]},"faces":{"east":{"uv":[10.875,5.375,13.375,5.625],"rotation":0,"texture":"#0","tintindex":0},"south":{"uv":[1.5,10.375,4.25,10.625],"rotation":0,"texture":"#0","tintindex":0},"north":{"uv":[4.25,10.375,1.5,10.625],"rotation":0,"texture":"#0","tintindex":0},"west":{"uv":[10.875,5.625,13.375,5.875],"rotation":0,"texture":"#0","tintindex":0},"up":{"uv":[2.75,2.5,0.0,0.0],"rotation":0,"texture":"#0","tintindex":0},"down":{"uv":[2.75,2.5,0.0,5.0],"rotation":0,"texture":"#0","tintindex":0}}},{"from":[1.7460313,12.047619,9.142858],"to":[14.317461,13.190476,17.142857],"rotation":{"angle":0.0,"axis":"y","origin":[8.031746,2.9047613,13.142858]},"faces":{"east":{"uv":[11.375,2.375,13.125,2.625],"rotation":0,"texture":"#0","tintindex":0},"south":{"uv":[6.125,10.5,8.875,10.75],"rotation":0,"texture":"#0","tintindex":0},"north":{"uv":[8.875,10.375,11.625,10.625],"rotation":0,"texture":"#0","tintindex":0},"west":{"uv":[11.375,4.125,13.125,4.375],"rotation":0,"texture":"#0","tintindex":0},"up":{"uv":[5.5,1.75,2.75,0.0],"rotation":0,"texture":"#0","tintindex":0},"down":{"uv":[5.5,1.75,2.75,3.5],"rotation":0,"texture":"#0","tintindex":0}}},{"from":[2.31746,8.047619,17.714287],"to":[13.746032,10.904762,18.857143],"rotation":{"angle":0.0,"axis":"y","origin":[8.031746,2.9047613,13.142858]},"faces":{"east":{"uv":[0.25,12.625,0.5,13.25],"rotation":0,"texture":"#0","tintindex":0},"south":{"uv":[1.75,9.125,4.25,9.75],"rotation":0,"texture":"#0","tintindex":0},"north":{"uv":[5.625,9.0,8.125,9.625],"rotation":0,"texture":"#0","tintindex":0},"west":{"uv":[4.0,12.625,4.25,13.25],"rotation":0,"texture":"#0","tintindex":0},"up":{"uv":[11.125,11.125,8.625,10.875],"rotation":0,"texture":"#0","tintindex":0},"down":{"uv":[13.5,5.875,11.0,6.125],"rotation":0,"texture":"#0","tintindex":0}}},{"from":[3.4603171,8.047619,19.428572],"to":[5.7460318,9.761905,20.0],"rotation":{"angle":0.0,"axis":"y","origin":[8.031746,2.9047613,13.142858]},"faces":{"east":{"uv":[13.25,13.125,13.375,13.5],"rotation":0,"texture":"#0","tintindex":0},"south":{"uv":[12.375,3.25,12.875,3.625],"rotation":0,"texture":"#0","tintindex":0},"north":{"uv":[3.5,9.75,4.0,10.125],"rotation":0,"texture":"#0","tintindex":0},"west":{"uv":[13.375,0.0,13.5,0.375],"rotation":0,"texture":"#0","tintindex":0},"up":{"uv":[2.25,8.25,1.75,8.125],"rotation":0,"texture":"#0","tintindex":0},"down":{"uv":[9.0,2.875,8.5,3.0],"rotation":0,"texture":"#0","tintindex":0}}},{"from":[10.31746,8.047619,19.428572],"to":[12.603174,9.761905,20.0],"rotation":{"angle":0.0,"axis":"y","origin":[8.031746,2.9047613,13.142858]},"faces":{"east":{"uv":[13.375,0.375,13.5,0.75],"rotation":0,"texture":"#0","tintindex":0},"south":{"uv":[2.5,12.5,3.0,12.875],"rotation":0,"texture":"#0","tintindex":0},"north":{"uv":[12.5,1.25,13.0,1.625],"rotation":0,"texture":"#0","tintindex":0},"west":{"uv":[13.375,1.125,13.5,1.5],"rotation":0,"texture":"#0","tintindex":0},"up":{"uv":[6.125,8.875,5.625,8.75],"rotation":0,"texture":"#0","tintindex":0},"down":{"uv":[12.25,5.25,11.75,5.375],"rotation":0,"texture":"#0","tintindex":0}}},{"from":[6.888889,8.047619,18.857143],"to":[9.174603,10.333334,20.0],"rotation":{"angle":0.0,"axis":"y","origin":[4.603174,2.9047613,13.142858]},"faces":{"east":{"uv":[13.375,0.375,13.5,0.75],"rotation":0,"texture":"#0","tintindex":0},"south":{"uv":[2.5,12.5,3.0,12.875],"rotation":0,"texture":"#0","tintindex":0},"north":{"uv":[12.5,1.25,13.0,1.625],"rotation":0,"texture":"#0","tintindex":0},"west":{"uv":[13.375,1.125,13.5,1.5],"rotation":0,"texture":"#0","tintindex":0},"up":{"uv":[6.125,8.875,5.625,8.75],"rotation":0,"texture":"#0","tintindex":0},"down":{"uv":[12.25,5.25,11.75,5.375],"rotation":0,"texture":"#0","tintindex":0}}},{"from":[2.31746,8.047619,18.857143],"to":[13.746032,9.761905,19.428572],"rotation":{"angle":0.0,"axis":"y","origin":[8.031746,2.9047613,13.142858]},"faces":{"east":{"uv":[5.375,13.375,5.5,13.75],"rotation":0,"texture":"#0","tintindex":0},"south":{"uv":[9.25,0.375,11.75,0.75],"rotation":0,"texture":"#0","tintindex":0},"north":{"uv":[9.25,0.0,11.75,0.375],"rotation":0,"texture":"#0","tintindex":0},"west":{"uv":[13.375,5.375,13.5,5.75],"rotation":0,"texture":"#0","tintindex":0},"up":{"uv":[13.875,10.875,11.375,10.75],"rotation":0,"texture":"#0","tintindex":0},"down":{"uv":[14.0,9.125,11.5,9.25],"rotation":0,"texture":"#0","tintindex":0}}},{"from":[2.31746,8.047619,6.857143],"to":[13.746032,9.761905,7.428571],"rotation":{"angle":0.0,"axis":"y","origin":[8.031746,2.9047613,13.142858]},"faces":{"east":{"uv":[5.75,13.375,5.875,13.75],"rotation":0,"texture":"#0","tintindex":0},"south":{"uv":[9.25,1.125,11.75,1.5],"rotation":0,"texture":"#0","tintindex":0},"north":{"uv":[9.25,0.75,11.75,1.125],"rotation":0,"texture":"#0","tintindex":0},"west":{"uv":[5.875,13.375,6.0,13.75],"rotation":0,"texture":"#0","tintindex":0},"up":{"uv":[14.0,9.375,11.5,9.25],"rotation":0,"texture":"#0","tintindex":0},"down":{"uv":[14.0,9.375,11.5,9.5],"rotation":0,"texture":"#0","tintindex":0}}},{"from":[2.31746,8.047619,7.428571],"to":[13.746032,10.904762,8.571428],"rotation":{"angle":0.0,"axis":"y","origin":[8.031746,2.9047613,13.142858]},"faces":{"east":{"uv":[12.75,11.75,13.0,12.375],"rotation":0,"texture":"#0","tintindex":0},"south":{"uv":[9.125,3.5,11.625,4.125],"rotation":0,"texture":"#0","tintindex":0},"north":{"uv":[11.0,6.75,8.75,7.375],"rotation":0,"texture":"#0","tintindex":0},"west":{"uv":[12.75,12.375,13.0,13.0],"rotation":0,"texture":"#0","tintindex":0},"up":{"uv":[8.625,11.25,6.125,11.0],"rotation":0,"texture":"#0","tintindex":0},"down":{"uv":[13.5,6.125,11.0,6.375],"rotation":0,"texture":"#0","tintindex":0}}},{"from":[13.174603,7.4761906,8.0],"to":[14.317461,10.904762,18.285715],"rotation":{"angle":0.0,"axis":"y","origin":[8.031746,2.9047613,13.142858]},"faces":{"east":{"uv":[8.25,7.625,10.5,8.375],"rotation":0,"texture":"#0","tintindex":0},"south":{"uv":[5.0,12.5,5.25,13.25],"rotation":0,"texture":"#0","tintindex":0},"north":{"uv":[4.75,5.25,5.0,6.0],"rotation":0,"texture":"#0","tintindex":0},"west":{"uv":[8.25,8.375,10.5,9.125],"rotation":0,"texture":"#0","tintindex":0},"up":{"uv":[4.5,12.5,4.25,10.25],"rotation":0,"texture":"#0","tintindex":0},"down":{"uv":[4.75,10.25,4.5,12.5],"rotation":0,"texture":"#0","tintindex":0}}},{"from":[13.603174,8.047619,17.8],"to":[15.317461,12.619047,19.285715],"rotation":{"angle":-22.5,"axis":"z","origin":[14.603174,10.333334,18.57143]},"faces":{"east":{"uv":[3.875,6.75,4.25,7.75],"rotation":0,"texture":"#0","tintindex":0},"south":{"uv":[5.625,7.75,6.0,8.75],"rotation":0,"texture":"#0","tintindex":0},"north":{"uv":[4.375,5.25,4.75,6.25],"rotation":0,"texture":"#0","tintindex":0},"west":{"uv":[6.0,7.75,6.375,8.75],"rotation":0,"texture":"#0","tintindex":0},"up":{"uv":[13.375,12.375,13.0,12.0],"rotation":0,"texture":"#0","tintindex":0},"down":{"uv":[13.375,12.375,13.0,12.75],"rotation":0,"texture":"#0","tintindex":0}}},{"from":[0.7460313,8.047619,17.8],"to":[2.4603171,12.619047,19.285715],"rotation":{"angle":22.5,"axis":"z","origin":[1.4603171,10.333334,18.57143]},"faces":{"east":{"uv":[7.75,11.25,8.125,12.25],"rotation":0,"texture":"#0","tintindex":0},"south":{"uv":[8.125,11.25,8.5,12.25],"rotation":0,"texture":"#0","tintindex":0},"north":{"uv":[7.375,11.25,7.75,12.25],"rotation":0,"texture":"#0","tintindex":0},"west":{"uv":[11.375,4.375,11.75,5.375],"rotation":0,"texture":"#0","tintindex":0},"up":{"uv":[12.875,13.375,12.5,13.0],"rotation":0,"texture":"#0","tintindex":0},"down":{"uv":[13.375,12.75,13.0,13.125],"rotation":0,"texture":"#0","tintindex":0}}},{"from":[0.7460313,8.047619,7.0],"to":[2.4603171,12.619047,8.714286],"rotation":{"angle":22.5,"axis":"z","origin":[1.4603171,10.333334,7.714286]},"faces":{"east":{"uv":[8.875,11.375,9.25,12.375],"rotation":0,"texture":"#0","tintindex":0},