{"textures":{"0":"modelengine:entity/xi_crate"},"elements":[{"from":[3.7142854,6.714286,7.5],"to":[5.428571,8.428572,8.928572],"rotation":{"angle":-22.5,"axis":"x","origin":[4.8571424,7.5714283,8.5]},"faces":{"east":{"uv":[13.0,8.25,13.375,8.625],"rotation":0,"texture":"#0","tintindex":0},"south":{"uv":[8.5,13.0,8.875,13.375],"rotation":0,"texture":"#0","tintindex":0},"north":{"uv":[13.0,7.875,13.375,8.25],"rotation":0,"texture":"#0","tintindex":0},"west":{"uv":[13.0,8.625,13.375,9.0],"rotation":0,"texture":"#0","tintindex":0},"up":{"uv":[9.25,13.375,8.875,13.0],"rotation":0,"texture":"#0","tintindex":0},"down":{"uv":[9.625,13.0,9.25,13.375],"rotation":0,"texture":"#0","tintindex":0}}},{"from":[4.0,5.0,7.785714],"to":[5.142857,7.285714,8.928572],"rotation":{"angle":0.0,"axis":"y","origin":[4.5714283,7.5714283,8.5]},"faces":{"east":{"uv":[0.0,13.125,0.25,13.625],"rotation":0,"texture":"#0","tintindex":0},"south":{"uv":[7.875,13.125,8.125,13.625],"rotation":0,"texture":"#0","tintindex":0},"north":{"uv":[5.375,9.125,5.625,9.625],"rotation":0,"texture":"#0","tintindex":0},"west":{"uv":[8.125,13.125,8.375,13.625],"rotation":0,"texture":"#0","tintindex":0},"up":{"uv":[13.5,1.125,13.25,0.875],"rotation":0,"texture":"#0","tintindex":0},"down":{"uv":[4.25,13.25,4.0,13.5],"rotation":0,"texture":"#0","tintindex":0}}},{"from":[4.285714,3.8571424,8.357142],"to":[4.8571424,5.5714283,8.928572],"rotation":{"angle":45.0,"axis":"x","origin":[4.285714,5.5714283,8.357142]},"faces":{"east":{"uv":[4.25,13.375,4.375,13.75],"rotation":0,"texture":"#0","tintindex":0},"south":{"uv":[4.375,13.375,4.5,13.75],"rotation":0,"texture":"#0","tintindex":0},"north":{"uv":[13.375,2.625,13.5,3.0],"rotation":0,"texture":"#0","tintindex":0},"west":{"uv":[4.5,13.375,4.625,13.75],"rotation":0,"texture":"#0","tintindex":0},"up":{"uv":[6.25,8.875,6.125,8.75],"rotation":0,"texture":"#0","tintindex":0},"down":{"uv":[6.375,8.75,6.25,8.875],"rotation":0,"texture":"#0","tintindex":0}}},{"from":[10.571428,6.714286,7.5],"to":[12.285715,8.428572,8.928572],"rotation":{"angle":-22.5,"axis":"x","origin":[11.142858,7.5714283,8.5]},"faces":{"east":{"uv":[13.0,9.875,13.375,10.25],"rotation":0,"texture":"#0","tintindex":0},"south":{"uv":[10.0,13.0,10.375,13.375],"rotation":0,"texture":"#0","tintindex":0},"north":{"uv":[9.625,13.0,10.0,13.375],"rotation":0,"texture":"#0","tintindex":0},"west":{"uv":[13.0,10.25,13.375,10.625],"rotation":0,"texture":"#0","tintindex":0},"up":{"uv":[10.75,13.375,10.375,13.0],"rotation":0,"texture":"#0","tintindex":0},"down":{"uv":[11.125,13.0,10.75,13.375],"rotation":0,"texture":"#0","tintindex":0}}},{"from":[10.857143,5.0,7.785714],"to":[12.0,7.285714,8.928572],"rotation":{"angle":0.0,"axis":"y","origin":[11.428572,7.5714283,8.5]},"faces":{"east":{"uv":[12.0,13.125,12.25,13.625],"rotation":0,"texture":"#0","tintindex":0},"south":{"uv":[12.25,13.125,12.5,13.625],"rotation":0,"texture":"#0","tintindex":0},"north":{"uv":[11.75,13.125,12.0,13.625],"rotation":0,"texture":"#0","tintindex":0},"west":{"uv":[12.875,13.125,13.125,13.625],"rotation":0,"texture":"#0","tintindex":0},"up":{"uv":[13.5,4.5,13.25,4.25],"rotation":0,"texture":"#0","tintindex":0},"down":{"uv":[13.5,4.5,13.25,4.75],"rotation":0,"texture":"#0","tintindex":0}}},{"from":[11.142858,3.8571424,8.357142],"to":[11.714286,5.5714283,8.928572],"rotation":{"angle":45.0,"axis":"x","origin":[11.714286,5.5714283,8.357142]},"faces":{"east":{"uv":[4.75,13.375,4.875,13.75],"rotation":0,"texture":"#0","tintindex":0},"south":{"uv":[4.875,13.375,5.0,13.75],"rotation":0,"texture":"#0","tintindex":0},"north":{"uv":[4.625,13.375,4.75,13.75],"rotation":0,"texture":"#0","tintindex":0},"west":{"uv":[5.25,13.375,5.375,13.75],"rotation":0,"texture":"#0","tintindex":0},"up":{"uv":[9.125,3.0,9.0,2.875],"rotation":0,"texture":"#0","tintindex":0},"down":{"uv":[8.25,9.0,8.125,9.125],"rotation":0,"texture":"#0","tintindex":0}}},{"from":[7.142857,6.8,7.9857144],"to":[8.857143,9.085714,9.414286],"rotation":{"angle":-22.5,"axis":"x","origin":[7.714286,8.228572,8.985714]},"faces":{"east":{"uv":[12.5,4.375,12.875,4.875],"rotation":0,"texture":"#0","tintindex":0},"south":{"uv":[4.625,12.5,5.0,13.0],"rotation":0,"texture":"#0","tintindex":0},"north":{"uv":[4.25,12.5,4.625,13.0],"rotation":0,"texture":"#0","tintindex":0},"west":{"uv":[12.5,4.875,12.875,5.375],"rotation":0,"texture":"#0","tintindex":0},"up":{"uv":[13.375,11.25,13.0,10.875],"rotation":0,"texture":"#0","tintindex":0},"down":{"uv":[11.5,13.0,11.125,13.375],"rotation":0,"texture":"#0","tintindex":0}}},{"from":[7.428571,5.0857143,8.271429],"to":[8.571428,7.9428573,9.414286],"rotation":{"angle":0.0,"axis":"y","origin":[8.0,8.228572,8.985714]},"faces":{"east":{"uv":[12.75,9.875,13.0,10.5],"rotation":0,"texture":"#0","tintindex":0},"south":{"uv":[12.75,11.125,13.0,11.75],"rotation":0,"texture":"#0","tintindex":0},"north":{"uv":[12.75,2.625,13.0,3.25],"rotation":0,"texture":"#0","tintindex":0},"west":{"uv":[11.5,12.75,11.75,13.375],"rotation":0,"texture":"#0","tintindex":0},"up":{"uv":[13.5,5.0,13.25,4.75],"rotation":0,"texture":"#0","tintindex":0},"down":{"uv":[5.25,13.25,5.0,13.5],"rotation":0,"texture":"#0","tintindex":0}}},{"from":[7.714286,3.9428568,8.985714],"to":[8.285714,6.2285714,9.557143],"rotation":{"angle":45.0,"axis":"x","origin":[8.285714,6.2285714,8.842857]},"faces":{"east":{"uv":[6.25,13.25,6.375,13.75],"rotation":0,"texture":"#0","tintindex":0},"south":{"uv":[13.25,6.375,13.375,6.875],"rotation":0,"texture":"#0","tintindex":0},"north":{"uv":[6.125,13.25,6.25,13.75],"rotation":0,"texture":"#0","tintindex":0},"west":{"uv":[13.25,6.875,13.375,7.375],"rotation":0,"texture":"#0","tintindex":0},"up":{"uv":[8.75,10.875,8.625,10.75],"rotation":0,"texture":"#0","tintindex":0},"down":{"uv":[8.875,10.75,8.75,10.875],"rotation":0,"texture":"#0","tintindex":0}}}],"display":{"head":{"translation":[0.0,-6.4,0.0],"scale":[4.0,4.0,4.0]}}}