{"textures":{"0":"modelengine:entity/locomotive"},"elements":[{"from":[4.5714283,4.285714,4.5714283],"to":[11.428572,11.714286,11.428572],"rotation":{"angle":45.0,"axis":"y","origin":[8.0,8.0,8.0]},"faces":{"east":{"uv":[12.75,6.75,15.75,10.0],"rotation":0,"texture":"#0","tintindex":0},"north":{"uv":[16.0,6.75,13.0,10.0],"rotation":0,"texture":"#0","tintindex":0}}},{"from":[11.428572,4.285714,4.5714283],"to":[4.5714283,11.714286,11.428572],"rotation":{"angle":-45.0,"axis":"y","origin":[8.0,8.0,8.0]},"faces":{"north":{"uv":[15.75,6.75,12.75,10.0],"rotation":0,"texture":"#0","tintindex":0}}}],"display":{"head":{"translation":[0.0,-6.4,0.0],"scale":[4.0,4.0,4.0]}}}