{"textures":{"0":"modelengine:entity/enderlord"},"elements":[{"from":[8.220282,7.9862747,7.646977],"to":[8.963139,8.586275,8.275548],"rotation":{"angle":0.0,"axis":"y","origin":[9.141769,3.1787205,7.5714283]},"faces":{"east":{"uv":[3.375,9.0,3.5,9.125],"rotation":0,"texture":"#0","tintindex":0},"south":{"uv":[3.5,9.0,3.625,9.125],"rotation":0,"texture":"#0","tintindex":0},"north":{"uv":[3.25,9.0,3.375,9.125],"rotation":0,"texture":"#0","tintindex":0},"west":{"uv":[3.625,9.0,3.75,9.125],"rotation":0,"texture":"#0","tintindex":0},"up":{"uv":[3.875,9.125,3.75,9.0],"rotation":0,"texture":"#0","tintindex":0},"down":{"uv":[4.0,9.0,3.875,9.125],"rotation":0,"texture":"#0","tintindex":0}}},{"from":[7.7917104,7.386275,6.932691],"to":[9.39171,7.9862747,8.70412],"rotation":{"angle":0.0,"axis":"y","origin":[9.141769,3.1787205,7.5714283]},"faces":{"east":{"uv":[8.0,2.5,8.375,2.625],"rotation":0,"texture":"#0","tintindex":0},"south":{"uv":[8.0,2.625,8.375,2.75],"rotation":0,"texture":"#0","tintindex":0},"north":{"uv":[8.0,2.375,8.375,2.5],"rotation":0,"texture":"#0","tintindex":0},"west":{"uv":[8.0,2.75,8.375,2.875],"rotation":0,"texture":"#0","tintindex":0},"up":{"uv":[6.125,4.875,5.75,4.5],"rotation":0,"texture":"#0","tintindex":0},"down":{"uv":[6.125,4.875,5.75,5.25],"rotation":0,"texture":"#0","tintindex":0}}},{"from":[9.077425,7.671989,6.932691],"to":[10.105996,10.557703,8.70412],"rotation":{"angle":0.0,"axis":"y","origin":[10.427484,3.4644346,7.5714283]},"faces":{"east":{"uv":[1.125,3.75,1.5,4.375],"rotation":0,"texture":"#0","tintindex":0},"south":{"uv":[1.5,5.375,1.75,6.0],"rotation":0,"texture":"#0","tintindex":0},"north":{"uv":[5.125,4.375,5.375,5.0],"rotation":0,"texture":"#0","tintindex":0},"west":{"uv":[2.25,3.75,2.625,4.375],"rotation":0,"texture":"#0","tintindex":0},"up":{"uv":[7.375,2.875,7.125,2.5],"rotation":0,"texture":"#0","tintindex":0},"down":{"uv":[7.375,2.875,7.125,3.25],"rotation":0,"texture":"#0","tintindex":0}}},{"from":[9.363139,10.529132,7.50412],"to":[10.248854,11.986275,8.70412],"rotation":{"angle":0.0,"axis":"y","origin":[10.713198,6.321578,7.5714283]},"faces":{"east":{"uv":[7.125,4.0,7.375,4.375],"rotation":0,"texture":"#0","tintindex":0},"south":{"uv":[7.125,4.375,7.375,4.75],"rotation":0,"texture":"#0","tintindex":0},"north":{"uv":[7.125,3.25,7.375,3.625],"rotation":0,"texture":"#0","tintindex":0},"west":{"uv":[7.125,4.75,7.375,5.125],"rotation":0,"texture":"#0","tintindex":0},"up":{"uv":[8.0,7.25,7.75,7.0],"rotation":0,"texture":"#0","tintindex":0},"down":{"uv":[8.0,7.25,7.75,7.5],"rotation":0,"texture":"#0","tintindex":0}}},{"from":[9.363139,11.957704,7.932691],"to":[10.248854,17.414846,8.70412],"rotation":{"angle":0.0,"axis":"y","origin":[10.427484,7.7501493,7.714286]},"faces":{"east":{"uv":[3.5,5.375,3.625,6.625],"rotation":0,"texture":"#0","tintindex":0},"south":{"uv":[0.0,2.625,0.25,3.875],"rotation":0,"texture":"#0","tintindex":0},"north":{"uv":[2.5,2.5,2.75,3.75],"rotation":0,"texture":"#0","tintindex":0},"west":{"uv":[3.625,5.375,3.75,6.625],"rotation":0,"texture":"#0","tintindex":0},"up":{"uv":[8.625,4.25,8.375,4.125],"rotation":0,"texture":"#0","tintindex":0},"down":{"uv":[8.625,5.375,8.375,5.5],"rotation":0,"texture":"#0","tintindex":0}}},{"from":[9.780434,17.16987,7.932691],"to":[10.523291,18.484156,8.70412],"rotation":{"angle":-22.5,"axis":"z","origin":[10.187576,18.341297,8.318405]},"faces":{"east":{"uv":[8.375,7.25,8.5,7.5],"rotation":0,"texture":"#0","tintindex":0},"south":{"uv":[8.375,7.5,8.5,7.75],"rotation":0,"texture":"#0","tintindex":0},"north":{"uv":[8.375,7.0,8.5,7.25],"rotation":0,"texture":"#0","tintindex":0},"west":{"uv":[8.375,7.75,8.5,8.0],"rotation":0,"texture":"#0","tintindex":0},"up":{"uv":[4.125,9.125,4.0,9.0],"rotation":0,"texture":"#0","tintindex":0},"down":{"uv":[4.25,9.0,4.125,9.125],"rotation":0,"texture":"#0","tintindex":0}}},{"from":[9.791307,18.538826,8.075548],"to":[10.391308,19.281681,8.561263],"rotation":{"angle":-22.5,"axis":"z","origin":[10.0555935,18.39597,8.318405]},"faces":{"east":{"uv":[4.375,9.0,4.5,9.125],"rotation":0,"texture":"#0","tintindex":0},"south":{"uv":[4.5,9.0,4.625,9.125],"rotation":0,"texture":"#0","tintindex":0},"north":{"uv":[4.25,9.0,4.375,9.125],"rotation":0,"texture":"#0","tintindex":0},"west":{"uv":[4.625,9.0,4.75,9.125],"rotation":0,"texture":"#0","tintindex":0},"up":{"uv":[4.875,9.125,4.75,9.0],"rotation":0,"texture":"#0","tintindex":0},"down":{"uv":[5.0,9.0,4.875,9.125],"rotation":0,"texture":"#0","tintindex":0}}},{"from":[9.020282,6.2434177,8.075548],"to":[9.39171,7.414846,8.70412],"rotation":{"angle":0.0,"axis":"y","origin":[10.284627,2.6072917,7.5714283]},"faces":{"east":{"uv":[0.25,8.5,0.375,8.75],"rotation":0,"texture":"#0","tintindex":0},"south":{"uv":[0.375,8.5,0.5,8.75],"rotation":0,"texture":"#0","tintindex":0},"north":{"uv":[8.375,8.0,8.5,8.25],"rotation":0,"texture":"#0","tintindex":0},"west":{"uv":[0.5,8.5,0.625,8.75],"rotation":0,"texture":"#0","tintindex":0},"up":{"uv":[5.125,9.125,5.0,9.0],"rotation":0,"texture":"#0","tintindex":0},"down":{"uv":[5.25,9.0,5.125,9.125],"rotation":0,"texture":"#0","tintindex":0}}},{"from":[8.220282,3.3862743,6.932691],"to":[9.105996,7.414846,8.846977],"rotation":{"angle":0.0,"axis":"y","origin":[9.284627,3.1787205,7.5714283]},"faces":{"east":{"uv":[1.875,1.0,2.25,1.875],"rotation":0,"texture":"#0","tintindex":0},"south":{"uv":[2.625,3.875,2.875,4.75],"rotation":0,"texture":"#0","tintindex":0},"north":{"uv":[2.0,3.875,2.25,4.75],"rotation":0,"texture":"#0","tintindex":0},"west":{"uv":[2.0,0.0,2.375,0.875],"rotation":0,"texture":"#0","tintindex":0},"up":{"uv":[7.375,5.5,7.125,5.125],"rotation":0,"texture":"#0","tintindex":0},"down":{"uv":[7.375,5.5,7.125,5.875],"rotation":0,"texture":"#0","tintindex":0}}},{"from":[7.6488533,4.10056,6.932691],"to":[8.248854,7.414846,8.846977],"rotation":{"angle":0.0,"axis":"y","origin":[8.427484,3.1787205,7.5714283]},"faces":{"east":{"uv":[3.25,3.25,3.625,4.0],"rotation":0,"texture":"#0","tintindex":0},"south":{"uv":[5.875,7.125,6.0,7.875],"rotation":0,"texture":"#0","tintindex":0},"north":{"uv":[2.75,7.125,2.875,7.875],"rotation":0,"texture":"#0","tintindex":0},"west":{"uv":[3.25,2.5,3.625,3.25],"rotation":0,"texture":"#0","tintindex":0},"up":{"uv":[8.125,3.5,8.0,3.125],"rotation":0,"texture":"#0","tintindex":0},"down":{"uv":[8.125,3.625,8.0,4.0],"rotation":0,"texture":"#0","tintindex":0}}},{"from":[7.7917104,2.814846,7.361263],"to":[8.248854,4.129132,8.846977],"rotation":{"angle":0.0,"axis":"y","origin":[8.570341,1.8930063,7.5714283]},"faces":{"east":{"uv":[7.125,3.625,7.5,3.875],"rotation":0,"texture":"#0","tintindex":0},"south":{"uv":[0.75,8.5,0.875,8.75],"rotation":0,"texture":"#0","tintindex":0},"north":{"uv":[0.625,8.5,0.75,8.75],"rotation":0,"texture":"#0","tintindex":0},"west":{"uv":[7.125,5.875,7.5,6.125],"rotation":0,"texture":"#0","tintindex":0},"up":{"uv":[8.125,4.375,8.0,4.0],"rotation":0,"texture":"#0","tintindex":0},"down":{"uv":[8.125,4.375,8.0,4.75],"rotation":0,"texture":"#0","tintindex":0}}},{"from":[7.6488533,2.2434173,6.646977],"to":[8.248854,2.8434172,8.989834],"rotation":{"angle":0.0,"axis":"y","origin":[8.427484,1.3215775,7.5714283]},"faces":{"east":{"uv":[7.75,7.5,8.25,7.625],"rotation":0,"texture":"#0","tintindex":0},"south":{"uv":[5.375,9.0,5.5,9.125],"rotation":0,"texture":"#0","tintindex":0},"north":{"uv":[5.25,9.0,5.375,9.125],"rotation":0,"texture":"#0","tintindex":0},"west":{"uv":[7.75,7.625,8.25,7.75],"rotation":0,"texture":"#0","tintindex":0},"up":{"uv":[0.375,8.375,0.25,7.875],"rotation":0,"texture":"#0","tintindex":0},"down":{"uv":[0.5,7.875,0.375,8.375],"rotation":0,"texture":"#0","tintindex":0}}},{"from":[8.648853,3.2148457,6.789834],"to":[9.248854,5.10056,8.989834],"rotation":{"angle":0.0,"axis":"y","origin":[9.713198,3.1787205,7.5714283]},"faces":{"east":{"uv":[4.625,1.25,5.125,1.625],"rotation":0,"texture":"#0","tintindex":0},"south":{"uv":[8.0,5.125,8.125,5.5],"rotation":0,"texture":"#0","tintindex":0},