{"textures":{"0":"modelengine:entity/enderlord"},"elements":[{"from":[6.592798,7.264697,7.246977],"to":[8.02137,8.72184,8.761263],"rotation":{"angle":0.0,"axis":"y","origin":[7.285714,-5.285715,7.5714283]},"faces":{"east":{"uv":[5.625,5.75,6.0,6.125],"rotation":0,"texture":"#0","tintindex":0},"south":{"uv":[5.75,0.0,6.125,0.375],"rotation":0,"texture":"#0","tintindex":0},"north":{"uv":[5.25,5.75,5.625,6.125],"rotation":0,"texture":"#0","tintindex":0},"west":{"uv":[5.75,0.375,6.125,0.75],"rotation":0,"texture":"#0","tintindex":0},"up":{"uv":[6.125,1.125,5.75,0.75],"rotation":0,"texture":"#0","tintindex":0},"down":{"uv":[6.125,1.125,5.75,1.5],"rotation":0,"texture":"#0","tintindex":0}}},{"from":[6.3070836,8.550411,7.8184056],"to":[6.8785124,9.007554,8.046977],"rotation":{"angle":0.0,"axis":"y","origin":[7.142857,-5.285715,7.5714283]},"faces":{"east":{"uv":[8.875,1.0,9.0,1.125],"rotation":0,"texture":"#0","tintindex":0},"south":{"uv":[8.875,1.125,9.0,1.25],"rotation":0,"texture":"#0","tintindex":0},"north":{"uv":[8.875,0.875,9.0,1.0],"rotation":0,"texture":"#0","tintindex":0},"west":{"uv":[8.875,1.25,9.0,1.375],"rotation":0,"texture":"#0","tintindex":0},"up":{"uv":[9.0,1.5,8.875,1.375],"rotation":0,"texture":"#0","tintindex":0},"down":{"uv":[9.0,1.5,8.875,1.625],"rotation":0,"texture":"#0","tintindex":0}}},{"from":[6.1642265,8.693269,7.8184056],"to":[6.592798,9.578982,8.046977],"rotation":{"angle":0.0,"axis":"y","origin":[6.857143,-5.1428576,7.5714283]},"faces":{"east":{"uv":[8.375,2.875,8.5,3.125],"rotation":0,"texture":"#0","tintindex":0},"south":{"uv":[8.375,3.125,8.5,3.375],"rotation":0,"texture":"#0","tintindex":0},"north":{"uv":[8.375,2.625,8.5,2.875],"rotation":0,"texture":"#0","tintindex":0},"west":{"uv":[8.375,3.375,8.5,3.625],"rotation":0,"texture":"#0","tintindex":0},"up":{"uv":[9.0,1.75,8.875,1.625],"rotation":0,"texture":"#0","tintindex":0},"down":{"uv":[9.0,1.75,8.875,1.875],"rotation":0,"texture":"#0","tintindex":0}}},{"from":[6.1642265,9.550411,7.8184056],"to":[6.4499407,9.8646965,8.046977],"rotation":{"angle":0.0,"axis":"y","origin":[6.714286,-4.8571434,7.5714283]},"faces":{"east":{"uv":[8.875,2.0,9.0,2.125],"rotation":0,"texture":"#0","tintindex":0},"south":{"uv":[8.875,2.125,9.0,2.25],"rotation":0,"texture":"#0","tintindex":0},"north":{"uv":[8.875,1.875,9.0,2.0],"rotation":0,"texture":"#0","tintindex":0},"west":{"uv":[8.875,2.25,9.0,2.375],"rotation":0,"texture":"#0","tintindex":0},"up":{"uv":[9.0,2.5,8.875,2.375],"rotation":0,"texture":"#0","tintindex":0},"down":{"uv":[9.0,2.5,8.875,2.625],"rotation":0,"texture":"#0","tintindex":0}}},{"from":[6.7356553,2.378982,7.389834],"to":[7.7356553,7.264697,8.475549],"rotation":{"angle":0.0,"axis":"y","origin":[7.285714,-5.285715,7.5714283]},"faces":{"east":{"uv":[1.0,2.625,1.25,3.75],"rotation":0,"texture":"#0","tintindex":0},"south":{"uv":[1.25,2.625,1.5,3.75],"rotation":0,"texture":"#0","tintindex":0},"north":{"uv":[0.75,2.625,1.0,3.75],"rotation":0,"texture":"#0","tintindex":0},"west":{"uv":[1.75,2.75,2.0,3.875],"rotation":0,"texture":"#0","tintindex":0},"up":{"uv":[7.75,3.875,7.5,3.625],"rotation":0,"texture":"#0","tintindex":0},"down":{"uv":[7.75,5.875,7.5,6.125],"rotation":0,"texture":"#0","tintindex":0}}},{"from":[6.4499407,6.3789825,7.9612627],"to":[6.7356553,6.8361254,8.046977],"rotation":{"angle":0.0,"axis":"y","origin":[7.0,-5.285715,7.5714283]},"faces":{"east":{"uv":[8.875,4.5,9.0,4.625],"rotation":0,"texture":"#0","tintindex":0},"south":{"uv":[8.875,4.625,9.0,4.75],"rotation":0,"texture":"#0","tintindex":0},"north":{"uv":[8.875,4.375,9.0,4.5],"rotation":0,"texture":"#0","tintindex":0},"west":{"uv":[8.875,4.75,9.0,4.875],"rotation":0,"texture":"#0","tintindex":0},"up":{"uv":[9.0,5.0,8.875,4.875],"rotation":0,"texture":"#0","tintindex":0},"down":{"uv":[9.0,5.0,8.875,5.125],"rotation":0,"texture":"#0","tintindex":0}}},{"from":[6.3070836,6.6646967,7.9612627],"to":[6.592798,7.1218395,8.046977],"rotation":{"angle":0.0,"axis":"y","origin":[6.857143,-5.000001,7.5714283]},"faces":{"east":{"uv":[8.875,5.25,9.0,5.375],"rotation":0,"texture":"#0","tintindex":0},"south":{"uv":[8.875,5.375,9.0,5.5],"rotation":0,"texture":"#0","tintindex":0},"north":{"uv":[8.875,5.125,9.0,5.25],"rotation":0,"texture":"#0","tintindex":0},"west":{"uv":[8.875,5.5,9.0,5.625],"rotation":0,"texture":"#0","tintindex":0},"up":{"uv":[9.0,5.75,8.875,5.625],"rotation":0,"texture":"#0","tintindex":0},"down":{"uv":[9.0,5.75,8.875,5.875],"rotation":0,"texture":"#0","tintindex":0}}},{"from":[6.792798,-0.47816086,7.50412],"to":[7.6785126,2.4075537,8.418406],"rotation":{"angle":0.0,"axis":"y","origin":[7.285714,-5.285715,7.5714283]},"faces":{"east":{"uv":[4.75,0.5,5.0,1.125],"rotation":0,"texture":"#0","tintindex":0},"south":{"uv":[4.875,4.875,5.125,5.5],"rotation":0,"texture":"#0","tintindex":0},"north":{"uv":[4.625,2.0,4.875,2.625],"rotation":0,"texture":"#0","tintindex":0},"west":{"uv":[4.875,2.0,5.125,2.625],"rotation":0,"texture":"#0","tintindex":0},"up":{"uv":[7.75,7.5,7.5,7.25],"rotation":0,"texture":"#0","tintindex":0},"down":{"uv":[0.875,7.625,0.625,7.875],"rotation":0,"texture":"#0","tintindex":0}}}],"display":{"head":{"translation":[0.0,-6.4,0.0],"scale":[4.0,4.0,4.0]}}}