{"textures":{"0":"modelengine:entity/enderlord"},"elements":[{"from":[8.02137,7.264697,7.246977],"to":[9.449941,8.72184,8.761263],"rotation":{"angle":0.0,"axis":"y","origin":[8.714286,-5.285715,7.5714283]},"faces":{"east":{"uv":[5.75,2.625,6.125,3.0],"rotation":0,"texture":"#0","tintindex":0},"south":{"uv":[5.75,3.0,6.125,3.375],"rotation":0,"texture":"#0","tintindex":0},"north":{"uv":[5.75,2.25,6.125,2.625],"rotation":0,"texture":"#0","tintindex":0},"west":{"uv":[5.75,3.375,6.125,3.75],"rotation":0,"texture":"#0","tintindex":0},"up":{"uv":[6.125,4.125,5.75,3.75],"rotation":0,"texture":"#0","tintindex":0},"down":{"uv":[6.125,4.125,5.75,4.5],"rotation":0,"texture":"#0","tintindex":0}}},{"from":[8.164227,2.378982,7.389834],"to":[9.164227,7.264697,8.475549],"rotation":{"angle":0.0,"axis":"y","origin":[8.714286,-5.285715,7.5714283]},"faces":{"east":{"uv":[2.75,2.75,3.0,3.875],"rotation":0,"texture":"#0","tintindex":0},"south":{"uv":[2.75,1.125,3.0,2.25],"rotation":0,"texture":"#0","tintindex":0},"north":{"uv":[2.0,2.75,2.25,3.875],"rotation":0,"texture":"#0","tintindex":0},"west":{"uv":[3.0,3.0,3.25,4.125],"rotation":0,"texture":"#0","tintindex":0},"up":{"uv":[1.875,7.875,1.625,7.625],"rotation":0,"texture":"#0","tintindex":0},"down":{"uv":[2.125,7.625,1.875,7.875],"rotation":0,"texture":"#0","tintindex":0}}},{"from":[8.22137,-0.47816086,7.50412],"to":[9.107084,2.4075537,8.418406],"rotation":{"angle":0.0,"axis":"y","origin":[8.714286,-5.285715,7.5714283]},"faces":{"east":{"uv":[4.875,3.5,5.125,4.125],"rotation":0,"texture":"#0","tintindex":0},"south":{"uv":[4.875,4.125,5.125,4.75],"rotation":0,"texture":"#0","tintindex":0},"north":{"uv":[4.875,2.875,5.125,3.5],"rotation":0,"texture":"#0","tintindex":0},"west":{"uv":[5.0,0.0,5.25,0.625],"rotation":0,"texture":"#0","tintindex":0},"up":{"uv":[3.5,7.875,3.25,7.625],"rotation":0,"texture":"#0","tintindex":0},"down":{"uv":[3.75,7.625,3.5,7.875],"rotation":0,"texture":"#0","tintindex":0}}},{"from":[9.449941,8.693269,7.8184056],"to":[9.878512,9.578982,8.046977],"rotation":{"angle":0.0,"axis":"y","origin":[10.142858,-5.1428576,7.5714283]},"faces":{"east":{"uv":[8.375,3.875,8.5,4.125],"rotation":0,"texture":"#0","tintindex":0},"south":{"uv":[8.375,5.125,8.5,5.375],"rotation":0,"texture":"#0","tintindex":0},"north":{"uv":[8.375,3.625,8.5,3.875],"rotation":0,"texture":"#0","tintindex":0},"west":{"uv":[8.375,6.0,8.5,6.25],"rotation":0,"texture":"#0","tintindex":0},"up":{"uv":[9.0,3.5,8.875,3.375],"rotation":0,"texture":"#0","tintindex":0},"down":{"uv":[9.0,3.5,8.875,3.625],"rotation":0,"texture":"#0","tintindex":0}}},{"from":[9.592798,9.550411,7.8184056],"to":[9.878512,9.8646965,8.046977],"rotation":{"angle":0.0,"axis":"y","origin":[10.142858,-4.8571434,7.5714283]},"faces":{"east":{"uv":[8.875,2.75,9.0,2.875],"rotation":0,"texture":"#0","tintindex":0},"south":{"uv":[8.875,2.875,9.0,3.0],"rotation":0,"texture":"#0","tintindex":0},"north":{"uv":[8.875,2.625,9.0,2.75],"rotation":0,"texture":"#0","tintindex":0},"west":{"uv":[8.875,3.0,9.0,3.125],"rotation":0,"texture":"#0","tintindex":0},"up":{"uv":[9.0,3.25,8.875,3.125],"rotation":0,"texture":"#0","tintindex":0},"down":{"uv":[9.0,3.25,8.875,3.375],"rotation":0,"texture":"#0","tintindex":0}}},{"from":[9.164227,8.550411,7.8184056],"to":[9.735655,9.007554,8.046977],"rotation":{"angle":0.0,"axis":"y","origin":[10.0,-5.285715,7.5714283]},"faces":{"east":{"uv":[8.875,3.75,9.0,3.875],"rotation":0,"texture":"#0","tintindex":0},"south":{"uv":[8.875,3.875,9.0,4.0],"rotation":0,"texture":"#0","tintindex":0},"north":{"uv":[8.875,3.625,9.0,3.75],"rotation":0,"texture":"#0","tintindex":0},"west":{"uv":[8.875,4.0,9.0,4.125],"rotation":0,"texture":"#0","tintindex":0},"up":{"uv":[9.0,4.25,8.875,4.125],"rotation":0,"texture":"#0","tintindex":0},"down":{"uv":[9.0,4.25,8.875,4.375],"rotation":0,"texture":"#0","tintindex":0}}},{"from":[9.307084,6.6646967,7.9612627],"to":[9.592798,7.1218395,8.046977],"rotation":{"angle":0.0,"axis":"y","origin":[9.857143,-5.000001,7.5714283]},"faces":{"east":{"uv":[8.875,6.0,9.0,6.125],"rotation":0,"texture":"#0","tintindex":0},"south":{"uv":[8.875,6.125,9.0,6.25],"rotation":0,"texture":"#0","tintindex":0},"north":{"uv":[8.875,5.875,9.0,6.0],"rotation":0,"texture":"#0","tintindex":0},"west":{"uv":[8.875,6.25,9.0,6.375],"rotation":0,"texture":"#0","tintindex":0},"up":{"uv":[9.0,6.5,8.875,6.375],"rotation":0,"texture":"#0","tintindex":0},"down":{"uv":[9.0,6.5,8.875,6.625],"rotation":0,"texture":"#0","tintindex":0}}},{"from":[9.164227,6.3789825,7.9612627],"to":[9.449941,6.8361254,8.046977],"rotation":{"angle":0.0,"axis":"y","origin":[9.714286,-5.285715,7.5714283]},"faces":{"east":{"uv":[8.875,6.75,9.0,6.875],"rotation":0,"texture":"#0","tintindex":0},"south":{"uv":[8.875,6.875,9.0,7.0],"rotation":0,"texture":"#0","tintindex":0},"north":{"uv":[8.875,6.625,9.0,6.75],"rotation":0,"texture":"#0","tintindex":0},"west":{"uv":[8.875,7.0,9.0,7.125],"rotation":0,"texture":"#0","tintindex":0},"up":{"uv":[9.0,7.25,8.875,7.125],"rotation":0,"texture":"#0","tintindex":0},"down":{"uv":[9.0,7.25,8.875,7.375],"rotation":0,"texture":"#0","tintindex":0}}}],"display":{"head":{"translation":[0.0,-6.4,0.0],"scale":[4.0,4.0,4.0]}}}