{"textures":{"0":"modelengine:entity/enderlord"},"elements":[{"from":[7.4380784,8.428274,8.171429],"to":[7.838078,8.856846,8.514286],"rotation":{"angle":0.0,"axis":"y","origin":[9.552364,3.2425594,7.9714284]},"faces":{"east":{"uv":[1.875,8.75,2.0,8.875],"rotation":0,"texture":"#0","tintindex":0},"south":{"uv":[2.0,8.75,2.125,8.875],"rotation":0,"texture":"#0","tintindex":0},"north":{"uv":[1.75,8.75,1.875,8.875],"rotation":0,"texture":"#0","tintindex":0},"west":{"uv":[2.125,8.75,2.25,8.875],"rotation":0,"texture":"#0","tintindex":0},"up":{"uv":[2.375,8.875,2.25,8.75],"rotation":0,"texture":"#0","tintindex":0},"down":{"uv":[2.5,8.75,2.375,8.875],"rotation":0,"texture":"#0","tintindex":0}}},{"from":[7.4380784,7.9997025,7.742857],"to":[7.838078,8.428274,8.514286],"rotation":{"angle":0.0,"axis":"y","origin":[9.552364,2.8139882,7.9714284]},"faces":{"east":{"uv":[1.125,8.75,1.25,8.875],"rotation":0,"texture":"#0","tintindex":0},"south":{"uv":[1.25,8.75,1.375,8.875],"rotation":0,"texture":"#0","tintindex":0},"north":{"uv":[1.0,8.75,1.125,8.875],"rotation":0,"texture":"#0","tintindex":0},"west":{"uv":[1.375,8.75,1.5,8.875],"rotation":0,"texture":"#0","tintindex":0},"up":{"uv":[1.625,8.875,1.5,8.75],"rotation":0,"texture":"#0","tintindex":0},"down":{"uv":[1.75,8.75,1.625,8.875],"rotation":0,"texture":"#0","tintindex":0}}},{"from":[7.380935,5.5425596,7.3142858],"to":[7.838078,7.9997025,8.571428],"rotation":{"angle":0.0,"axis":"y","origin":[9.552364,1.8139882,7.9714284]},"faces":{"east":{"uv":[2.25,6.125,2.5,6.625],"rotation":0,"texture":"#0","tintindex":0},"south":{"uv":[7.625,3.875,7.75,4.375],"rotation":0,"texture":"#0","tintindex":0},"north":{"uv":[2.125,7.625,2.25,8.125],"rotation":0,"texture":"#0","tintindex":0},"west":{"uv":[2.5,6.125,2.75,6.625],"rotation":0,"texture":"#0","tintindex":0},"up":{"uv":[1.875,8.625,1.75,8.375],"rotation":0,"texture":"#0","tintindex":0},"down":{"uv":[2.375,8.375,2.25,8.625],"rotation":0,"texture":"#0","tintindex":0}}},{"from":[7.7237926,4.6854167,7.457143],"to":[8.409507,7.9997025,8.428572],"rotation":{"angle":0.0,"axis":"y","origin":[9.8380785,1.8139882,7.9714284]},"faces":{"east":{"uv":[4.375,4.375,4.625,5.125],"rotation":0,"texture":"#0","tintindex":0},"south":{"uv":[6.75,7.0,6.875,7.75],"rotation":0,"texture":"#0","tintindex":0},"north":{"uv":[6.625,7.0,6.75,7.75],"rotation":0,"texture":"#0","tintindex":0},"west":{"uv":[4.5,0.5,4.75,1.25],"rotation":0,"texture":"#0","tintindex":0},"up":{"uv":[2.75,8.625,2.625,8.375],"rotation":0,"texture":"#0","tintindex":0},"down":{"uv":[3.0,8.375,2.875,8.625],"rotation":0,"texture":"#0","tintindex":0}}},{"from":[7.552364,4.8568454,7.3714285],"to":[8.123793,7.7139883,8.514286],"rotation":{"angle":0.0,"axis":"y","origin":[9.8380785,1.5282736,7.9714284]},"faces":{"east":{"uv":[5.0,0.625,5.25,1.25],"rotation":0,"texture":"#0","tintindex":0},"south":{"uv":[4.5,7.25,4.625,7.875],"rotation":0,"texture":"#0","tintindex":0},"north":{"uv":[3.5,4.0,3.625,4.625],"rotation":0,"texture":"#0","tintindex":0},"west":{"uv":[1.25,5.125,1.5,5.75],"rotation":0,"texture":"#0","tintindex":0},"up":{"uv":[2.5,8.625,2.375,8.375],"rotation":0,"texture":"#0","tintindex":0},"down":{"uv":[2.625,8.375,2.5,8.625],"rotation":0,"texture":"#0","tintindex":0}}},{"from":[7.7809353,2.6854172,7.5142856],"to":[8.295221,4.6854167,8.314285],"rotation":{"angle":0.0,"axis":"y","origin":[9.8380785,1.8139882,7.9714284]},"faces":{"east":{"uv":[1.25,8.0,1.375,8.375],"rotation":0,"texture":"#0","tintindex":0},"south":{"uv":[1.375,8.0,1.5,8.375],"rotation":0,"texture":"#0","tintindex":0},"north":{"uv":[0.5,8.0,0.625,8.375],"rotation":0,"texture":"#0","tintindex":0},"west":{"uv":[3.0,8.0,3.125,8.375],"rotation":0,"texture":"#0","tintindex":0},"up":{"uv":[0.875,8.875,0.75,8.75],"rotation":0,"texture":"#0","tintindex":0},"down":{"uv":[1.0,8.75,0.875,8.875],"rotation":0,"texture":"#0","tintindex":0}}},{"from":[8.123793,1.8568449,7.3714285],"to":[8.323792,2.5425596,7.5142856],"rotation":{"angle":0.0,"axis":"y","origin":[9.980935,-0.32886887,7.742857]},"faces":{"east":{"uv":[8.75,1.25,8.875,1.375],"rotation":0,"texture":"#0","tintindex":0},"south":{"uv":[8.75,1.375,8.875,1.5],"rotation":0,"texture":"#0","tintindex":0},"north":{"uv":[8.75,1.125,8.875,1.25],"rotation":0,"texture":"#0","tintindex":0},"west":{"uv":[8.75,1.5,8.875,1.625],"rotation":0,"texture":"#0","tintindex":0},"up":{"uv":[8.875,1.75,8.75,1.625],"rotation":0,"texture":"#0","tintindex":0},"down":{"uv":[8.875,1.75,8.75,1.875],"rotation":0,"texture":"#0","tintindex":0}}},{"from":[8.123793,2.4282737,7.457143],"to":[8.323792,2.6854172,7.6571426],"rotation":{"angle":0.0,"axis":"y","origin":[9.980935,-0.18601227,7.8285713]},"faces":{"east":{"uv":[8.75,0.5,8.875,0.625],"rotation":0,"texture":"#0","tintindex":0},"south":{"uv":[8.75,0.625,8.875,0.75],"rotation":0,"texture":"#0","tintindex":0},"north":{"uv":[8.75,0.375,8.875,0.5],"rotation":0,"texture":"#0","tintindex":0},"west":{"uv":[8.75,0.75,8.875,0.875],"rotation":0,"texture":"#0","tintindex":0},"up":{"uv":[8.875,1.0,8.75,0.875],"rotation":0,"texture":"#0","tintindex":0},"down":{"uv":[8.875,1.0,8.75,1.125],"rotation":0,"texture":"#0","tintindex":0}}},{"from":[7.838078,1.9711313,7.542857],"to":[8.180936,2.6854172,8.257143],"rotation":{"angle":0.0,"axis":"y","origin":[9.8380785,-0.18601227,7.9714284]},"faces":{"east":{"uv":[2.625,8.75,2.75,8.875],"rotation":0,"texture":"#0","tintindex":0},"south":{"uv":[2.75,8.75,2.875,8.875],"rotation":0,"texture":"#0","tintindex":0},"north":{"uv":[2.5,8.75,2.625,8.875],"rotation":0,"texture":"#0","tintindex":0},"west":{"uv":[2.875,8.75,3.0,8.875],"rotation":0,"texture":"#0","tintindex":0},"up":{"uv":[3.125,8.875,3.0,8.75],"rotation":0,"texture":"#0","tintindex":0},"down":{"uv":[3.25,8.75,3.125,8.875],"rotation":0,"texture":"#0","tintindex":0}}},{"from":[7.809507,1.1139884,7.5142856],"to":[8.038078,1.9711313,7.6857142],"rotation":{"angle":0.0,"axis":"y","origin":[9.809507,-0.9002981,7.9714284]},"faces":{"east":{"uv":[3.375,8.75,3.5,8.875],"rotation":0,"texture":"#0","tintindex":0},"south":{"uv":[3.5,8.75,3.625,8.875],"rotation":0,"texture":"#0","tintindex":0},"north":{"uv":[3.25,8.75,3.375,8.875],"rotation":0,"texture":"#0","tintindex":0},"west":{"uv":[3.625,8.75,3.75,8.875],"rotation":0,"texture":"#0","tintindex":0},"up":{"uv":[3.875,8.875,3.75,8.75],"rotation":0,"texture":"#0","tintindex":0},"down":{"uv":[4.0,8.75,3.875,8.875],"rotation":0,"texture":"#0","tintindex":0}}},{"from":[8.028571,0.9285712,7.5142856],"to":[8.257143,1.6428571,7.6857142],"rotation":{"angle":-45.0,"axis":"z","origin":[8.142858,1.2857141,7.6]},"faces":{"east":{"uv":[4.125,8.75,4.25,8.875],"rotation":0,"texture":"#0","tintindex":0},"south":{"uv":[4.25,8.75,4.375,8.875],"rotation":0,"texture":"#0","tintindex":0},"north":{"uv":[4.0,8.75,4.125,8.875],"rotation":0,"texture":"#0","tintindex":0},"west":{"uv":[4.375,8.75,4.5,8.875],"rotation":0,"texture":"#0","tintindex":0},"up":{"uv":[4.625,8.875,4.5,8.75],"rotation":0,"texture":"#0","tintindex":0},"down":{"uv":[4.75,8.75,4.625,8.875],"rotation":0,"texture":"#0","tintindex":0}}},{"from":[7.809507,1.1139884,8.114285],"to":[8.038078,1.9711313,8.285714],"rotation":{"angle":0.0,"axis":"y","origin":[9.809507,-0.9002981,8.571428]},"faces":{"east":{"uv":[7.875,8.75,8.0,8.875],"rotation":0,"texture":"#0","tintindex":0},"south":{"uv":[8.0,8.75,8.125,8.875],"rotation":0,"texture":"#0","tintindex":0},"north":{"uv":[7.75,8.75,7.875,8.875],"rotation":0,"texture":"#0","tintindex":0},"west":{"uv":[8.125,8.75,8.25,8.875],"rotation":0,"texture":"#0","tintindex":0},"up":{"uv":[8.375,8.875,8.25,8.75],"rotation":0,"texture":"#0","tintindex":0},"down":{"uv":[8.5,8.75,8.375,8.875],"rotation":0,"texture":"#0","tintindex":0}}},{"from":[7.809507,1.1139884,7.9142857],"to":[8.038078,1.9711313,8.085714],"rotation":{"angle":0.0,"axis":"y","origin":[9.809507,-0.9002981,8.3714285]},"faces":{"east":{"uv":[6.375,8.75,6.5,8.875],"rotation":0,"texture":"#0","tintindex":0},"south":{"uv":[6.5,8.75,6.625,8.875],