{"textures":{"0":"modelengine:entity/enderlord"},"elements":[{"from":[8.209507,8.428274,8.171429],"to":[8.609507,8.856846,8.514286],"rotation":{"angle":0.0,"axis":"y","origin":[10.323792,3.2425594,7.9714284]},"faces":{"east":{"uv":[8.75,2.0,8.875,2.125],"rotation":0,"texture":"#0","tintindex":0},"south":{"uv":[8.75,2.125,8.875,2.25],"rotation":0,"texture":"#0","tintindex":0},"north":{"uv":[8.75,1.875,8.875,2.0],"rotation":0,"texture":"#0","tintindex":0},"west":{"uv":[8.75,2.25,8.875,2.375],"rotation":0,"texture":"#0","tintindex":0},"up":{"uv":[8.875,2.5,8.75,2.375],"rotation":0,"texture":"#0","tintindex":0},"down":{"uv":[8.875,2.5,8.75,2.625],"rotation":0,"texture":"#0","tintindex":0}}},{"from":[8.209507,7.9997025,7.742857],"to":[8.609507,8.428274,8.514286],"rotation":{"angle":0.0,"axis":"y","origin":[10.323792,2.8139882,7.9714284]},"faces":{"east":{"uv":[8.75,2.75,8.875,2.875],"rotation":0,"texture":"#0","tintindex":0},"south":{"uv":[8.75,2.875,8.875,3.0],"rotation":0,"texture":"#0","tintindex":0},"north":{"uv":[8.75,2.625,8.875,2.75],"rotation":0,"texture":"#0","tintindex":0},"west":{"uv":[8.75,3.0,8.875,3.125],"rotation":0,"texture":"#0","tintindex":0},"up":{"uv":[8.875,3.25,8.75,3.125],"rotation":0,"texture":"#0","tintindex":0},"down":{"uv":[8.875,3.25,8.75,3.375],"rotation":0,"texture":"#0","tintindex":0}}},{"from":[8.238078,5.5425596,7.3142858],"to":[8.695221,7.9997025,8.571428],"rotation":{"angle":0.0,"axis":"y","origin":[10.409507,1.8139882,7.9714284]},"faces":{"east":{"uv":[3.25,6.125,3.5,6.625],"rotation":0,"texture":"#0","tintindex":0},"south":{"uv":[7.625,6.625,7.75,7.125],"rotation":0,"texture":"#0","tintindex":0},"north":{"uv":[7.625,6.125,7.75,6.625],"rotation":0,"texture":"#0","tintindex":0},"west":{"uv":[4.875,6.125,5.125,6.625],"rotation":0,"texture":"#0","tintindex":0},"up":{"uv":[3.375,8.625,3.25,8.375],"rotation":0,"texture":"#0","tintindex":0},"down":{"uv":[3.5,8.375,3.375,8.625],"rotation":0,"texture":"#0","tintindex":0}}},{"from":[7.66665,4.6854167,7.457143],"to":[8.352364,7.9997025,8.428572],"rotation":{"angle":0.0,"axis":"y","origin":[9.780935,1.8139882,7.9714284]},"faces":{"east":{"uv":[3.75,4.625,4.0,5.375],"rotation":0,"texture":"#0","tintindex":0},"south":{"uv":[7.0,6.0,7.125,6.75],"rotation":0,"texture":"#0","tintindex":0},"north":{"uv":[7.0,2.75,7.125,3.5],"rotation":0,"texture":"#0","tintindex":0},"west":{"uv":[4.625,4.625,4.875,5.375],"rotation":0,"texture":"#0","tintindex":0},"up":{"uv":[3.625,8.625,3.5,8.375],"rotation":0,"texture":"#0","tintindex":0},"down":{"uv":[3.75,8.375,3.625,8.625],"rotation":0,"texture":"#0","tintindex":0}}},{"from":[7.9809356,4.8568454,7.3714285],"to":[8.552364,7.7139883,8.514286],"rotation":{"angle":0.0,"axis":"y","origin":[10.266649,1.5282736,7.9714284]},"faces":{"east":{"uv":[2.25,5.125,2.5,5.75],"rotation":0,"texture":"#0","tintindex":0},"south":{"uv":[6.125,7.25,6.25,7.875],"rotation":0,"texture":"#0","tintindex":0},"north":{"uv":[6.0,7.25,6.125,7.875],"rotation":0,"texture":"#0","tintindex":0},"west":{"uv":[4.25,5.125,4.5,5.75],"rotation":0,"texture":"#0","tintindex":0},"up":{"uv":[3.875,8.625,3.75,8.375],"rotation":0,"texture":"#0","tintindex":0},"down":{"uv":[4.0,8.375,3.875,8.625],"rotation":0,"texture":"#0","tintindex":0}}},{"from":[7.752364,2.6854172,7.5142856],"to":[8.266649,4.6854167,8.314285],"rotation":{"angle":0.0,"axis":"y","origin":[9.809507,1.8139882,7.9714284]},"faces":{"east":{"uv":[6.625,8.0,6.75,8.375],"rotation":0,"texture":"#0","tintindex":0},"south":{"uv":[6.75,8.0,6.875,8.375],"rotation":0,"texture":"#0","tintindex":0},"north":{"uv":[5.375,8.0,5.5,8.375],"rotation":0,"texture":"#0","tintindex":0},"west":{"uv":[6.875,8.0,7.0,8.375],"rotation":0,"texture":"#0","tintindex":0},"up":{"uv":[8.875,3.5,8.75,3.375],"rotation":0,"texture":"#0","tintindex":0},"down":{"uv":[8.875,3.5,8.75,3.625],"rotation":0,"texture":"#0","tintindex":0}}},{"from":[7.838078,1.8568449,7.3714285],"to":[8.038078,2.5425596,7.5142856],"rotation":{"angle":0.0,"axis":"y","origin":[9.695221,-0.32886887,7.742857]},"faces":{"east":{"uv":[8.75,3.75,8.875,3.875],"rotation":0,"texture":"#0","tintindex":0},"south":{"uv":[8.75,3.875,8.875,4.0],"rotation":0,"texture":"#0","tintindex":0},"north":{"uv":[8.75,3.625,8.875,3.75],"rotation":0,"texture":"#0","tintindex":0},"west":{"uv":[8.75,4.0,8.875,4.125],"rotation":0,"texture":"#0","tintindex":0},"up":{"uv":[8.875,4.25,8.75,4.125],"rotation":0,"texture":"#0","tintindex":0},"down":{"uv":[8.875,4.25,8.75,4.375],"rotation":0,"texture":"#0","tintindex":0}}},{"from":[7.838078,2.4282737,7.457143],"to":[8.038078,2.6854172,7.6571426],"rotation":{"angle":0.0,"axis":"y","origin":[9.695221,-0.18601227,7.8285713]},"faces":{"east":{"uv":[8.75,4.5,8.875,4.625],"rotation":0,"texture":"#0","tintindex":0},"south":{"uv":[8.75,4.625,8.875,4.75],"rotation":0,"texture":"#0","tintindex":0},"north":{"uv":[8.75,4.375,8.875,4.5],"rotation":0,"texture":"#0","tintindex":0},"west":{"uv":[8.75,4.75,8.875,4.875],"rotation":0,"texture":"#0","tintindex":0},"up":{"uv":[8.875,5.0,8.75,4.875],"rotation":0,"texture":"#0","tintindex":0},"down":{"uv":[8.875,5.0,8.75,5.125],"rotation":0,"texture":"#0","tintindex":0}}},{"from":[7.9237924,1.9711313,7.542857],"to":[8.266649,2.6854172,8.257143],"rotation":{"angle":0.0,"axis":"y","origin":[9.923793,-0.18601227,7.9714284]},"faces":{"east":{"uv":[8.75,5.25,8.875,5.375],"rotation":0,"texture":"#0","tintindex":0},"south":{"uv":[8.75,5.375,8.875,5.5],"rotation":0,"texture":"#0","tintindex":0},"north":{"uv":[8.75,5.125,8.875,5.25],"rotation":0,"texture":"#0","tintindex":0},"west":{"uv":[8.75,5.5,8.875,5.625],"rotation":0,"texture":"#0","tintindex":0},"up":{"uv":[8.875,5.75,8.75,5.625],"rotation":0,"texture":"#0","tintindex":0},"down":{"uv":[8.875,5.75,8.75,5.875],"rotation":0,"texture":"#0","tintindex":0}}},{"from":[8.066649,1.1139884,7.5142856],"to":[8.295221,1.9711313,7.6857142],"rotation":{"angle":0.0,"axis":"y","origin":[10.06665,-0.9002981,7.9714284]},"faces":{"east":{"uv":[8.75,6.0,8.875,6.125],"rotation":0,"texture":"#0","tintindex":0},"south":{"uv":[8.75,6.125,8.875,6.25],"rotation":0,"texture":"#0","tintindex":0},"north":{"uv":[8.75,5.875,8.875,6.0],"rotation":0,"texture":"#0","tintindex":0},"west":{"uv":[8.75,6.25,8.875,6.375],"rotation":0,"texture":"#0","tintindex":0},"up":{"uv":[8.875,6.5,8.75,6.375],"rotation":0,"texture":"#0","tintindex":0},"down":{"uv":[8.875,6.5,8.75,6.625],"rotation":0,"texture":"#0","tintindex":0}}},{"from":[7.9386764,1.043067,7.5142856],"to":[8.167248,1.7573528,7.6857142],"rotation":{"angle":22.5,"axis":"z","origin":[8.052962,1.4002099,7.6]},"faces":{"east":{"uv":[8.75,6.75,8.875,6.875],"rotation":0,"texture":"#0","tintindex":0},"south":{"uv":[8.75,6.875,8.875,7.0],"rotation":0,"texture":"#0","tintindex":0},"north":{"uv":[8.75,6.625,8.875,6.75],"rotation":0,"texture":"#0","tintindex":0},"west":{"uv":[8.75,7.0,8.875,7.125],"rotation":0,"texture":"#0","tintindex":0},"up":{"uv":[8.875,7.25,8.75,7.125],"rotation":0,"texture":"#0","tintindex":0},"down":{"uv":[8.875,7.25,8.75,7.375],"rotation":0,"texture":"#0","tintindex":0}}},{"from":[8.066649,1.1139884,8.114285],"to":[8.295221,1.9711313,8.285714],"rotation":{"angle":0.0,"axis":"y","origin":[10.06665,-0.9002981,8.571428]},"faces":{"east":{"uv":[8.75,7.5,8.875,7.625],"rotation":0,"texture":"#0","tintindex":0},"south":{"uv":[8.75,7.625,8.875,7.75],"rotation":0,"texture":"#0","tintindex":0},"north":{"uv":[8.75,7.375,8.875,7.5],"rotation":0,"texture":"#0","tintindex":0},"west":{"uv":[8.75,7.75,8.875,7.875],"rotation":0,"texture":"#0","tintindex":0},"up":{"uv":[8.875,8.0,8.75,7.875],"rotation":0,"texture":"#0","tintindex":0},"down":{"uv":[8.875,8.0,8.75,8.125],"rotation":0,"texture":"#0","tintindex":0}}},{"from":[8.066649,1.1139884,7.9142857],"to":[8.295221,1.9711313,8.085714],"rotation":{"angle":0.0,"axis":"y","origin":[10.06665,-0.9002981,8.3714285]},"faces":{"east":{"uv":[8.75,8.25,8.875,8.375],"rotation":0,"texture":"#0","tintindex":0},"south":{"uv":[8.75,8.375,8.875,8.5],