{"textures":{"0":"modelengine:entity/enderlord"},"elements":[{"from":[7.9809356,7.3997025,7.4],"to":[9.123793,8.571131,8.6285715],"rotation":{"angle":0.0,"axis":"y","origin":[10.409507,2.3854165,7.9142857]},"faces":{"east":{"uv":[7.625,4.375,7.875,4.625],"rotation":0,"texture":"#0","tintindex":0},"south":{"uv":[7.625,4.625,7.875,4.875],"rotation":0,"texture":"#0","tintindex":0},"north":{"uv":[7.625,3.25,7.875,3.5],"rotation":0,"texture":"#0","tintindex":0},"west":{"uv":[7.625,4.875,7.875,5.125],"rotation":0,"texture":"#0","tintindex":0},"up":{"uv":[7.875,5.375,7.625,5.125],"rotation":0,"texture":"#0","tintindex":0},"down":{"uv":[7.875,5.375,7.625,5.625],"rotation":0,"texture":"#0","tintindex":0}}},{"from":[8.238078,3.9711308,7.542857],"to":[8.980935,7.428274,8.514286],"rotation":{"angle":0.0,"axis":"y","origin":[10.409507,1.2425594,8.057143]},"faces":{"east":{"uv":[1.5,4.625,1.75,5.375],"rotation":0,"texture":"#0","tintindex":0},"south":{"uv":[7.0,2.0,7.125,2.75],"rotation":0,"texture":"#0","tintindex":0},"north":{"uv":[7.0,1.25,7.125,2.0],"rotation":0,"texture":"#0","tintindex":0},"west":{"uv":[3.5,4.625,3.75,5.375],"rotation":0,"texture":"#0","tintindex":0},"up":{"uv":[3.125,8.625,3.0,8.375],"rotation":0,"texture":"#0","tintindex":0},"down":{"uv":[3.25,8.375,3.125,8.625],"rotation":0,"texture":"#0","tintindex":0}}}],"display":{"head":{"translation":[0.0,-6.4,0.0],"scale":[4.0,4.0,4.0]}}}