{"textures":{"0":"modelengine:entity/enderlord"},"elements":[{"from":[7.428571,8.896688,8.389992],"to":[8.571428,9.496689,9.189991],"rotation":{"angle":0.0,"axis":"y","origin":[7.857143,3.5966883,7.1899915]},"faces":{"east":{"uv":[8.875,0.375,9.0,0.5],"rotation":0,"texture":"#0","tintindex":0},"south":{"uv":[8.375,0.75,8.625,0.875],"rotation":0,"texture":"#0","tintindex":0},"north":{"uv":[8.375,0.625,8.625,0.75],"rotation":0,"texture":"#0","tintindex":0},"west":{"uv":[8.875,0.5,9.0,0.625],"rotation":0,"texture":"#0","tintindex":0},"up":{"uv":[8.625,1.0,8.375,0.875],"rotation":0,"texture":"#0","tintindex":0},"down":{"uv":[8.625,1.0,8.375,1.125],"rotation":0,"texture":"#0","tintindex":0}}},{"from":[7.285714,8.039546,6.247134],"to":[8.714286,8.92526,6.5328484],"rotation":{"angle":0.0,"axis":"y","origin":[7.857143,3.3109741,7.0471344]},"faces":{"east":{"uv":[8.375,1.125,8.5,1.375],"rotation":0,"texture":"#0","tintindex":0},"south":{"uv":[7.125,1.75,7.5,2.0],"rotation":0,"texture":"#0","tintindex":0},"north":{"uv":[7.125,1.5,7.5,1.75],"rotation":0,"texture":"#0","tintindex":0},"west":{"uv":[8.375,1.375,8.5,1.625],"rotation":0,"texture":"#0","tintindex":0},"up":{"uv":[8.375,1.125,8.0,1.0],"rotation":0,"texture":"#0","tintindex":0},"down":{"uv":[8.375,1.125,8.0,1.25],"rotation":0,"texture":"#0","tintindex":0}}},{"from":[7.285714,8.039546,6.5328484],"to":[8.714286,9.353831,9.047134],"rotation":{"angle":0.0,"axis":"y","origin":[7.857143,3.3109741,7.1899915]},"faces":{"east":{"uv":[6.125,0.5,6.625,0.75],"rotation":0,"texture":"#0","tintindex":0},"south":{"uv":[7.125,1.25,7.5,1.5],"rotation":0,"texture":"#0","tintindex":0},"north":{"uv":[6.875,7.125,7.25,7.375],"rotation":0,"texture":"#0","tintindex":0},"west":{"uv":[6.125,0.75,6.625,1.0],"rotation":0,"texture":"#0","tintindex":0},"up":{"uv":[4.875,3.75,4.5,3.25],"rotation":0,"texture":"#0","tintindex":0},"down":{"uv":[5.0,0.0,4.625,0.5],"rotation":0,"texture":"#0","tintindex":0}}},{"from":[7.3428574,7.7255406,6.3095937],"to":[8.657143,8.268397,7.395308],"rotation":{"angle":-22.5,"axis":"x","origin":[8.0,7.954112,6.781022]},"faces":{"east":{"uv":[8.375,1.75,8.625,1.875],"rotation":0,"texture":"#0","tintindex":0},"south":{"uv":[8.375,1.875,8.625,2.0],"rotation":0,"texture":"#0","tintindex":0},"north":{"uv":[8.375,1.625,8.625,1.75],"rotation":0,"texture":"#0","tintindex":0},"west":{"uv":[8.375,2.0,8.625,2.125],"rotation":0,"texture":"#0","tintindex":0},"up":{"uv":[8.0,4.125,7.75,3.875],"rotation":0,"texture":"#0","tintindex":0},"down":{"uv":[8.0,4.125,7.75,4.375],"rotation":0,"texture":"#0","tintindex":0}}},{"from":[7.4857144,7.3428574,6.1857142],"to":[8.514286,7.742857,6.4714284],"rotation":{"angle":-22.5,"axis":"x","origin":[8.0,7.5714283,5.8571424]},"faces":{"east":{"uv":[8.875,0.625,9.0,0.75],"rotation":0,"texture":"#0","tintindex":0},"south":{"uv":[8.375,2.25,8.625,2.375],"rotation":0,"texture":"#0","tintindex":0},"north":{"uv":[8.375,2.125,8.625,2.25],"rotation":0,"texture":"#0","tintindex":0},"west":{"uv":[8.875,0.75,9.0,0.875],"rotation":0,"texture":"#0","tintindex":0},"up":{"uv":[8.625,2.5,8.375,2.375],"rotation":0,"texture":"#0","tintindex":0},"down":{"uv":[8.625,2.5,8.375,2.625],"rotation":0,"texture":"#0","tintindex":0}}}],"display":{"head":{"translation":[0.0,-6.4,0.0],"scale":[4.0,4.0,4.0]}}}