{"textures":{"0":"modelengine:entity/enderlord"},"elements":[{"from":[7.0,3.2999997,7.285714],"to":[8.428572,8.471429,8.571428],"rotation":{"angle":0.0,"axis":"y","origin":[7.5714283,2.8571424,7.857143]},"faces":{"east":{"uv":[2.25,1.125,2.5,2.25],"rotation":0,"texture":"#0","tintindex":0},"south":{"uv":[0.375,1.5,0.75,2.625],"rotation":0,"texture":"#0","tintindex":0},"north":{"uv":[0.0,1.5,0.375,2.625],"rotation":0,"texture":"#0","tintindex":0},"west":{"uv":[2.5,1.125,2.75,2.25],"rotation":0,"texture":"#0","tintindex":0},"up":{"uv":[6.875,3.75,6.5,3.5],"rotation":0,"texture":"#0","tintindex":0},"down":{"uv":[6.875,3.75,6.5,4.0],"rotation":0,"texture":"#0","tintindex":0}}},{"from":[7.285714,3.2999997,6.857143],"to":[7.857143,3.7571425,7.285714],"rotation":{"angle":0.0,"axis":"y","origin":[7.5714283,2.8571424,7.714286]},"faces":{"east":{"uv":[1.25,8.625,1.375,8.75],"rotation":0,"texture":"#0","tintindex":0},"south":{"uv":[1.375,8.625,1.5,8.75],"rotation":0,"texture":"#0","tintindex":0},"north":{"uv":[1.125,8.625,1.25,8.75],"rotation":0,"texture":"#0","tintindex":0},"west":{"uv":[1.5,8.625,1.625,8.75],"rotation":0,"texture":"#0","tintindex":0},"up":{"uv":[1.75,8.75,1.625,8.625],"rotation":0,"texture":"#0","tintindex":0},"down":{"uv":[1.875,8.625,1.75,8.75],"rotation":0,"texture":"#0","tintindex":0}}},{"from":[7.285714,3.7285714,6.9142857],"to":[8.0,4.957143,7.3428574],"rotation":{"angle":0.0,"axis":"y","origin":[7.5714283,4.771428,7.7714286]},"faces":{"east":{"uv":[8.125,3.875,8.25,4.125],"rotation":0,"texture":"#0","tintindex":0},"south":{"uv":[8.125,4.125,8.25,4.375],"rotation":0,"texture":"#0","tintindex":0},"north":{"uv":[8.125,3.625,8.25,3.875],"rotation":0,"texture":"#0","tintindex":0},"west":{"uv":[8.125,4.375,8.25,4.625],"rotation":0,"texture":"#0","tintindex":0},"up":{"uv":[8.625,6.75,8.5,6.625],"rotation":0,"texture":"#0","tintindex":0},"down":{"uv":[8.625,6.75,8.5,6.875],"rotation":0,"texture":"#0","tintindex":0}}},{"from":[7.142857,4.928571,6.9142857],"to":[8.142858,5.8714285,7.3428574],"rotation":{"angle":0.0,"axis":"y","origin":[7.5714283,5.9714284,7.7714286]},"faces":{"east":{"uv":[8.125,4.625,8.25,4.875],"rotation":0,"texture":"#0","tintindex":0},"south":{"uv":[4.625,7.375,4.875,7.625],"rotation":0,"texture":"#0","tintindex":0},"north":{"uv":[2.0,7.375,2.25,7.625],"rotation":0,"texture":"#0","tintindex":0},"west":{"uv":[8.125,4.875,8.25,5.125],"rotation":0,"texture":"#0","tintindex":0},"up":{"uv":[8.375,2.375,8.125,2.25],"rotation":0,"texture":"#0","tintindex":0},"down":{"uv":[8.375,3.375,8.125,3.5],"rotation":0,"texture":"#0","tintindex":0}}},{"from":[7.142857,5.8714285,6.9142857],"to":[7.857143,6.242857,7.3428574],"rotation":{"angle":0.0,"axis":"y","origin":[7.428571,6.9142857,7.7714286]},"faces":{"east":{"uv":[8.5,7.0,8.625,7.125],"rotation":0,"texture":"#0","tintindex":0},"south":{"uv":[8.5,7.125,8.625,7.25],"rotation":0,"texture":"#0","tintindex":0},"north":{"uv":[8.5,6.875,8.625,7.0],"rotation":0,"texture":"#0","tintindex":0},"west":{"uv":[8.5,7.25,8.625,7.375],"rotation":0,"texture":"#0","tintindex":0},"up":{"uv":[8.625,7.5,8.5,7.375],"rotation":0,"texture":"#0","tintindex":0},"down":{"uv":[8.625,7.5,8.5,7.625],"rotation":0,"texture":"#0","tintindex":0}}},{"from":[6.857143,6.242857,6.9142857],"to":[7.714286,6.757143,7.6285715],"rotation":{"angle":0.0,"axis":"y","origin":[7.428571,7.285714,7.7714286]},"faces":{"east":{"uv":[8.5,7.625,8.625,7.75],"rotation":0,"texture":"#0","tintindex":0},"south":{"uv":[8.125,5.25,8.375,5.375],"rotation":0,"texture":"#0","tintindex":0},"north":{"uv":[8.125,5.125,8.375,5.25],"rotation":0,"texture":"#0","tintindex":0},"west":{"uv":[8.5,7.75,8.625,7.875],"rotation":0,"texture":"#0","tintindex":0},"up":{"uv":[8.375,5.5,8.125,5.375],"rotation":0,"texture":"#0","tintindex":0},"down":{"uv":[8.375,5.625,8.125,5.75],"rotation":0,"texture":"#0","tintindex":0}}},{"from":[6.5714283,7.1,6.9142857],"to":[7.714286,7.6142855,7.7714286],"rotation":{"angle":0.0,"axis":"y","origin":[7.428571,8.142858,7.7714286]},"faces":{"east":{"uv":[8.125,6.125,8.375,6.25],"rotation":0,"texture":"#0","tintindex":0},"south":{"uv":[8.125,6.25,8.375,6.375],"rotation":0,"texture":"#0","tintindex":0},"north":{"uv":[8.125,6.0,8.375,6.125],"rotation":0,"texture":"#0","tintindex":0},"west":{"uv":[8.125,6.375,8.375,6.5],"rotation":0,"texture":"#0","tintindex":0},"up":{"uv":[7.625,2.75,7.375,2.5],"rotation":0,"texture":"#0","tintindex":0},"down":{"uv":[7.625,2.75,7.375,3.0],"rotation":0,"texture":"#0","tintindex":0}}},{"from":[6.714286,6.4428573,6.9142857],"to":[6.857143,6.8142858,7.4857144],"rotation":{"angle":0.0,"axis":"y","origin":[7.285714,7.3428574,7.7714286]},"faces":{"east":{"uv":[8.5,8.0,8.625,8.125],"rotation":0,"texture":"#0","tintindex":0},"south":{"uv":[8.5,8.125,8.625,8.25],"rotation":0,"texture":"#0","tintindex":0},"north":{"uv":[8.5,7.875,8.625,8.0],"rotation":0,"texture":"#0","tintindex":0},"west":{"uv":[8.5,8.25,8.625,8.375],"rotation":0,"texture":"#0","tintindex":0},"up":{"uv":[0.125,8.75,0.0,8.625],"rotation":0,"texture":"#0","tintindex":0},"down":{"uv":[0.25,8.625,0.125,8.75],"rotation":0,"texture":"#0","tintindex":0}}},{"from":[6.285714,7.3,6.9142857],"to":[6.5714283,7.6714287,7.6285715],"rotation":{"angle":0.0,"axis":"y","origin":[7.142857,8.2,7.7714286]},"faces":{"east":{"uv":[2.0,8.625,2.125,8.75],"rotation":0,"texture":"#0","tintindex":0},"south":{"uv":[2.125,8.625,2.25,8.75],"rotation":0,"texture":"#0","tintindex":0},"north":{"uv":[1.875,8.625,2.0,8.75],"rotation":0,"texture":"#0","tintindex":0},"west":{"uv":[2.25,8.625,2.375,8.75],"rotation":0,"texture":"#0","tintindex":0},"up":{"uv":[2.5,8.75,2.375,8.625],"rotation":0,"texture":"#0","tintindex":0},"down":{"uv":[2.625,8.625,2.5,8.75],"rotation":0,"texture":"#0","tintindex":0}}}],"display":{"head":{"translation":[0.0,-6.4,0.0],"scale":[4.0,4.0,4.0]}}}