{"textures":{"0":"modelengine:entity/enderlord"},"elements":[{"from":[7.5714283,3.2999997,7.285714],"to":[9.0,8.471429,8.571428],"rotation":{"angle":0.0,"axis":"y","origin":[8.142858,2.8571424,7.857143]},"faces":{"east":{"uv":[0.25,2.625,0.5,3.75],"rotation":0,"texture":"#0","tintindex":0},"south":{"uv":[1.125,1.5,1.5,2.625],"rotation":0,"texture":"#0","tintindex":0},"north":{"uv":[0.75,1.5,1.125,2.625],"rotation":0,"texture":"#0","tintindex":0},"west":{"uv":[0.5,2.625,0.75,3.75],"rotation":0,"texture":"#0","tintindex":0},"up":{"uv":[6.875,6.375,6.5,6.125],"rotation":0,"texture":"#0","tintindex":0},"down":{"uv":[0.375,6.625,0.0,6.875],"rotation":0,"texture":"#0","tintindex":0}}},{"from":[8.142858,3.2999997,6.857143],"to":[8.714286,3.7571425,7.285714],"rotation":{"angle":0.0,"axis":"y","origin":[8.428572,2.8571424,7.714286]},"faces":{"east":{"uv":[2.75,8.625,2.875,8.75],"rotation":0,"texture":"#0","tintindex":0},"south":{"uv":[2.875,8.625,3.0,8.75],"rotation":0,"texture":"#0","tintindex":0},"north":{"uv":[2.625,8.625,2.75,8.75],"rotation":0,"texture":"#0","tintindex":0},"west":{"uv":[3.0,8.625,3.125,8.75],"rotation":0,"texture":"#0","tintindex":0},"up":{"uv":[3.25,8.75,3.125,8.625],"rotation":0,"texture":"#0","tintindex":0},"down":{"uv":[3.375,8.625,3.25,8.75],"rotation":0,"texture":"#0","tintindex":0}}},{"from":[8.0,3.7285714,6.9142857],"to":[8.714286,4.957143,7.3428574],"rotation":{"angle":0.0,"axis":"y","origin":[8.285714,4.771428,7.7714286]},"faces":{"east":{"uv":[8.125,7.0,8.25,7.25],"rotation":0,"texture":"#0","tintindex":0},"south":{"uv":[8.125,7.25,8.25,7.5],"rotation":0,"texture":"#0","tintindex":0},"north":{"uv":[8.125,6.5,8.25,6.75],"rotation":0,"texture":"#0","tintindex":0},"west":{"uv":[1.875,8.25,2.0,8.5],"rotation":0,"texture":"#0","tintindex":0},"up":{"uv":[3.5,8.75,3.375,8.625],"rotation":0,"texture":"#0","tintindex":0},"down":{"uv":[3.625,8.625,3.5,8.75],"rotation":0,"texture":"#0","tintindex":0}}},{"from":[7.857143,4.928571,6.9142857],"to":[8.857143,5.8714285,7.3428574],"rotation":{"angle":0.0,"axis":"y","origin":[8.285714,5.9714284,7.7714286]},"faces":{"east":{"uv":[2.0,8.25,2.125,8.5],"rotation":0,"texture":"#0","tintindex":0},"south":{"uv":[7.375,3.25,7.625,3.5],"rotation":0,"texture":"#0","tintindex":0},"north":{"uv":[7.375,3.0,7.625,3.25],"rotation":0,"texture":"#0","tintindex":0},"west":{"uv":[2.125,8.25,2.25,8.5],"rotation":0,"texture":"#0","tintindex":0},"up":{"uv":[2.5,8.375,2.25,8.25],"rotation":0,"texture":"#0","tintindex":0},"down":{"uv":[2.75,8.25,2.5,8.375],"rotation":0,"texture":"#0","tintindex":0}}},{"from":[8.142858,5.8714285,6.9142857],"to":[8.857143,6.242857,7.3428574],"rotation":{"angle":0.0,"axis":"y","origin":[8.428572,6.9142857,7.7714286]},"faces":{"east":{"uv":[3.75,8.625,3.875,8.75],"rotation":0,"texture":"#0","tintindex":0},"south":{"uv":[3.875,8.625,4.0,8.75],"rotation":0,"texture":"#0","tintindex":0},"north":{"uv":[3.625,8.625,3.75,8.75],"rotation":0,"texture":"#0","tintindex":0},"west":{"uv":[4.0,8.625,4.125,8.75],"rotation":0,"texture":"#0","tintindex":0},"up":{"uv":[4.25,8.75,4.125,8.625],"rotation":0,"texture":"#0","tintindex":0},"down":{"uv":[4.375,8.625,4.25,8.75],"rotation":0,"texture":"#0","tintindex":0}}},{"from":[8.285714,6.242857,6.9142857],"to":[9.142858,6.757143,7.6285715],"rotation":{"angle":0.0,"axis":"y","origin":[8.857143,7.285714,7.7714286]},"faces":{"east":{"uv":[4.375,8.625,4.5,8.75],"rotation":0,"texture":"#0","tintindex":0},"south":{"uv":[3.375,8.25,3.625,8.375],"rotation":0,"texture":"#0","tintindex":0},"north":{"uv":[3.125,8.25,3.375,8.375],"rotation":0,"texture":"#0","tintindex":0},"west":{"uv":[4.5,8.625,4.625,8.75],"rotation":0,"texture":"#0","tintindex":0},"up":{"uv":[3.875,8.375,3.625,8.25],"rotation":0,"texture":"#0","tintindex":0},"down":{"uv":[4.125,8.25,3.875,8.375],"rotation":0,"texture":"#0","tintindex":0}}},{"from":[8.285714,7.1,6.9142857],"to":[9.428572,7.6142855,7.7714286],"rotation":{"angle":0.0,"axis":"y","origin":[9.142858,8.142858,7.7714286]},"faces":{"east":{"uv":[4.375,8.25,4.625,8.375],"rotation":0,"texture":"#0","tintindex":0},"south":{"uv":[4.625,8.25,4.875,8.375],"rotation":0,"texture":"#0","tintindex":0},"north":{"uv":[4.125,8.25,4.375,8.375],"rotation":0,"texture":"#0","tintindex":0},"west":{"uv":[4.875,8.25,5.125,8.375],"rotation":0,"texture":"#0","tintindex":0},"up":{"uv":[7.625,4.25,7.375,4.0],"rotation":0,"texture":"#0","tintindex":0},"down":{"uv":[7.625,4.25,7.375,4.5],"rotation":0,"texture":"#0","tintindex":0}}},{"from":[9.142858,6.4428573,6.9142857],"to":[9.285714,6.8142858,7.4857144],"rotation":{"angle":0.0,"axis":"y","origin":[9.714286,7.3428574,7.7714286]},"faces":{"east":{"uv":[4.75,8.625,4.875,8.75],"rotation":0,"texture":"#0","tintindex":0},"south":{"uv":[4.875,8.625,5.0,8.75],"rotation":0,"texture":"#0","tintindex":0},"north":{"uv":[4.625,8.625,4.75,8.75],"rotation":0,"texture":"#0","tintindex":0},"west":{"uv":[5.0,8.625,5.125,8.75],"rotation":0,"texture":"#0","tintindex":0},"up":{"uv":[5.25,8.75,5.125,8.625],"rotation":0,"texture":"#0","tintindex":0},"down":{"uv":[5.375,8.625,5.25,8.75],"rotation":0,"texture":"#0","tintindex":0}}},{"from":[9.428572,7.3,6.9142857],"to":[9.714286,7.6714287,7.6285715],"rotation":{"angle":0.0,"axis":"y","origin":[10.285714,8.2,7.7714286]},"faces":{"east":{"uv":[5.5,8.625,5.625,8.75],"rotation":0,"texture":"#0","tintindex":0},"south":{"uv":[5.625,8.625,5.75,8.75],"rotation":0,"texture":"#0","tintindex":0},"north":{"uv":[5.375,8.625,5.5,8.75],"rotation":0,"texture":"#0","tintindex":0},"west":{"uv":[5.75,8.625,5.875,8.75],"rotation":0,"texture":"#0","tintindex":0},"up":{"uv":[6.0,8.75,5.875,8.625],"rotation":0,"texture":"#0","tintindex":0},"down":{"uv":[6.125,8.625,6.0,8.75],"rotation":0,"texture":"#0","tintindex":0}}}],"display":{"head":{"translation":[0.0,-6.4,0.0],"scale":[4.0,4.0,4.0]}}}