{"textures":{"0":"modelengine:entity/tengu"},"elements":[{"from":[7.428571,7.652791,6.1324506],"to":[8.571428,10.509933,6.7038794],"rotation":{"angle":45.0,"axis":"x","origin":[8.0,9.081362,5.5610223]},"faces":{"east":{"uv":[13.5,1.25,13.625,1.875],"rotation":0,"texture":"#0","tintindex":0},"south":{"uv":[11.5,1.125,11.75,1.75],"rotation":0,"texture":"#0","tintindex":0},"north":{"uv":[10.5,0.875,10.75,1.5],"rotation":0,"texture":"#0","tintindex":0},"west":{"uv":[12.375,1.0,12.5,1.625],"rotation":0,"texture":"#0","tintindex":0},"up":{"uv":[14.125,1.625,14.375,1.75],"rotation":0,"texture":"#0","tintindex":0},"down":{"uv":[15.75,1.25,16.0,1.375],"rotation":0,"texture":"#0","tintindex":0}}},{"from":[7.428571,8.224219,6.7038794],"to":[8.571428,9.938505,10.703879],"rotation":{"angle":45.0,"axis":"x","origin":[8.0,9.081362,5.5610223]},"faces":{"east":{"uv":[10.5,2.875,11.375,3.25],"rotation":0,"texture":"#0","tintindex":0},"south":{"uv":[13.875,3.0,14.125,3.375],"rotation":0,"texture":"#0","tintindex":0},"north":{"uv":[13.625,3.0,13.875,3.375],"rotation":0,"texture":"#0","tintindex":0},"west":{"uv":[10.5,2.5,11.375,2.875],"rotation":0,"texture":"#0","tintindex":0},"up":{"uv":[14.0,2.25,14.25,3.125],"rotation":0,"texture":"#0","tintindex":0},"down":{"uv":[14.25,2.25,14.5,3.125],"rotation":0,"texture":"#0","tintindex":0}}},{"from":[7.714286,8.509933,2.1324506],"to":[8.285714,9.652791,6.1324506],"rotation":{"angle":45.0,"axis":"x","origin":[8.0,9.081362,5.5610223]},"faces":{"east":{"uv":[13.125,0.0,14.0,0.25],"rotation":0,"texture":"#0","tintindex":0},"south":{"uv":[11.0,0.0,11.125,0.25],"rotation":0,"texture":"#0","tintindex":0},"north":{"uv":[10.375,0.0,10.5,0.25],"rotation":0,"texture":"#0","tintindex":0},"west":{"uv":[12.0,0.0,12.875,0.25],"rotation":0,"texture":"#0","tintindex":0},"up":{"uv":[15.875,0.0,16.0,0.875],"rotation":0,"texture":"#0","tintindex":0},"down":{"uv":[15.625,0.0,15.75,0.875],"rotation":0,"texture":"#0","tintindex":0}}},{"from":[7.428571,3.8987703,8.745504],"to":[8.571428,5.613056,16.745506],"rotation":{"angle":22.5,"axis":"x","origin":[8.0,4.7559133,11.0312195]},"faces":{"east":{"uv":[2.25,15.625,4.0,16.0],"rotation":0,"texture":"#0","tintindex":0},"south":{"uv":[0.25,15.625,0.5,16.0],"rotation":0,"texture":"#0","tintindex":0},"north":{"uv":[0.0,15.625,0.25,16.0],"rotation":0,"texture":"#0","tintindex":0},"west":{"uv":[0.5,15.625,2.25,16.0],"rotation":0,"texture":"#0","tintindex":0},"up":{"uv":[0.0,13.625,0.25,15.375],"rotation":0,"texture":"#0","tintindex":0},"down":{"uv":[0.25,13.625,0.5,15.375],"rotation":0,"texture":"#0","tintindex":0}}}],"display":{"head":{"translation":[0.0,-6.4,0.0],"scale":[4.0,4.0,4.0]}}}