{"textures":{"0":"modelengine:entity/tengu"},"elements":[{"from":[6.5714283,5.142857,8.0],"to":[9.428572,8.0,11.428572],"rotation":{"angle":0.0,"axis":"y","origin":[6.857143,8.857143,9.714286]},"faces":{"east":{"uv":[8.5,0.0,9.25,0.625],"rotation":0,"texture":"#0","tintindex":0},"south":{"uv":[0.0,8.75,0.625,9.375],"rotation":0,"texture":"#0","tintindex":0},"north":{"uv":[8.5,8.625,9.125,9.25],"rotation":0,"texture":"#0","tintindex":0},"west":{"uv":[8.5,5.0,9.25,5.625],"rotation":0,"texture":"#0","tintindex":0},"up":{"uv":[7.375,9.375,6.75,8.625],"rotation":0,"texture":"#0","tintindex":0},"down":{"uv":[8.0,8.625,7.375,9.375],"rotation":0,"texture":"#0","tintindex":0}}},{"from":[7.142857,1.1428566,7.428571],"to":[8.857143,2.2857141,10.857143],"rotation":{"angle":0.0,"axis":"y","origin":[6.857143,3.142857,9.714286]},"faces":{"east":{"uv":[9.25,7.625,10.0,7.875],"rotation":0,"texture":"#0","tintindex":0},"south":{"uv":[9.5,8.875,9.875,9.125],"rotation":0,"texture":"#0","tintindex":0},"north":{"uv":[9.5,8.625,9.875,8.875],"rotation":0,"texture":"#0","tintindex":0},"west":{"uv":[9.375,1.125,10.125,1.375],"rotation":0,"texture":"#0","tintindex":0},"up":{"uv":[9.5,9.375,9.125,8.625],"rotation":0,"texture":"#0","tintindex":0},"down":{"uv":[1.0,9.25,0.625,10.0],"rotation":0,"texture":"#0","tintindex":0}}},{"from":[7.142857,2.2857141,8.571428],"to":[8.857143,5.142857,10.857143],"rotation":{"angle":0.0,"axis":"y","origin":[6.857143,6.0,9.714286]},"faces":{"east":{"uv":[8.875,2.125,9.375,2.75],"rotation":0,"texture":"#0","tintindex":0},"south":{"uv":[2.125,9.25,2.5,9.875],"rotation":0,"texture":"#0","tintindex":0},"north":{"uv":[1.75,9.25,2.125,9.875],"rotation":0,"texture":"#0","tintindex":0},"west":{"uv":[3.375,8.875,3.875,9.5],"rotation":0,"texture":"#0","tintindex":0},"up":{"uv":[0.375,9.875,0.0,9.375],"rotation":0,"texture":"#0","tintindex":0},"down":{"uv":[9.75,0.625,9.375,1.125],"rotation":0,"texture":"#0","tintindex":0}}},{"from":[7.142857,0.5714283,9.714286],"to":[8.857143,1.1428566,10.285714],"rotation":{"angle":0.0,"axis":"y","origin":[6.857143,1.9999995,11.428572]},"faces":{"east":{"uv":[7.0,1.0,7.125,1.125],"rotation":0,"texture":"#0","tintindex":0},"south":{"uv":[6.0,7.25,6.375,7.375],"rotation":0,"texture":"#0","tintindex":0},"north":{"uv":[5.625,7.25,6.0,7.375],"rotation":0,"texture":"#0","tintindex":0},"west":{"uv":[6.375,7.25,6.5,7.375],"rotation":0,"texture":"#0","tintindex":0},"up":{"uv":[0.875,8.0,0.5,7.875],"rotation":0,"texture":"#0","tintindex":0},"down":{"uv":[8.25,6.5,7.875,6.625],"rotation":0,"texture":"#0","tintindex":0}}},{"from":[7.142857,0.5714283,8.0],"to":[8.857143,1.1428566,8.571428],"rotation":{"angle":0.0,"axis":"y","origin":[6.857143,1.9999995,9.714286]},"faces":{"east":{"uv":[4.75,6.5,4.875,6.625],"rotation":0,"texture":"#0","tintindex":0},"south":{"uv":[5.5,2.25,5.875,2.375],"rotation":0,"texture":"#0","tintindex":0},"north":{"uv":[4.5,4.25,4.875,4.375],"rotation":0,"texture":"#0","tintindex":0},"west":{"uv":[6.875,1.0,7.0,1.125],"rotation":0,"texture":"#0","tintindex":0},"up":{"uv":[6.875,1.125,6.5,1.0],"rotation":0,"texture":"#0","tintindex":0},"down":{"uv":[7.125,2.125,6.75,2.25],"rotation":0,"texture":"#0","tintindex":0}}}],"display":{"head":{"translation":[0.0,-6.4,0.0],"scale":[4.0,4.0,4.0]}}}