{"textures":{"0":"modelengine:entity/oni2"},"elements":[{"from":[7.11641,2.9330826,3.8897858],"to":[9.973553,8.07594,7.318357],"rotation":{"angle":0.0,"axis":"y","origin":[16.57143,12.476191,3.333333]},"faces":{"east":{"uv":[4.25,12.5,5.0,13.625],"rotation":0,"texture":"#0","tintindex":0},"south":{"uv":[3.625,12.75,4.25,13.875],"rotation":0,"texture":"#0","tintindex":0},"north":{"uv":[3.25,10.25,3.875,11.375],"rotation":0,"texture":"#0","tintindex":0},"west":{"uv":[5.0,12.5,5.75,13.625],"rotation":0,"texture":"#0","tintindex":0},"up":{"uv":[14.25,12.875,13.625,12.125],"rotation":0,"texture":"#0","tintindex":0},"down":{"uv":[14.25,12.875,13.625,13.625],"rotation":0,"texture":"#0","tintindex":0}}},{"from":[5.702196,5.204439,3.8897858],"to":[5.702196,7.4901533,7.318357],"rotation":{"angle":45.0,"axis":"z","origin":[5.702196,7.204439,5.6040716]},"faces":{"east":{"uv":[0.0,15.5,0.75,16.0],"rotation":0,"texture":"#0","tintindex":0},"south":{"uv":[3.625,12.75,4.25,13.875],"rotation":0,"texture":"#0","tintindex":0},"north":{"uv":[3.25,10.25,3.875,11.375],"rotation":0,"texture":"#0","tintindex":0},"west":{"uv":[0.0,15.5,0.75,16.0],"rotation":0,"texture":"#0","tintindex":0},"up":{"uv":[14.25,12.875,13.625,12.125],"rotation":0,"texture":"#0","tintindex":0},"down":{"uv":[14.25,12.875,13.625,13.625],"rotation":0,"texture":"#0","tintindex":0}}},{"from":[7.11641,5.204439,2.475572],"to":[10.544981,7.4901533,2.475572],"rotation":{"angle":-45.0,"axis":"x","origin":[8.830695,7.204439,2.475572]},"faces":{"east":{"uv":[3.25,10.25,3.875,11.375],"rotation":0,"texture":"#0","tintindex":0},"south":{"uv":[0.0,15.5,0.75,16.0],"rotation":0,"texture":"#0","tintindex":0},"north":{"uv":[0.0,15.5,0.75,16.0],"rotation":0,"texture":"#0","tintindex":0},"west":{"uv":[3.625,12.75,4.25,13.875],"rotation":0,"texture":"#0","tintindex":0},"up":{"uv":[14.25,12.875,13.625,12.125],"rotation":90,"texture":"#0","tintindex":0},"down":{"uv":[14.25,12.875,13.625,13.625],"rotation":270,"texture":"#0","tintindex":0}}},{"from":[11.3873625,5.204843,3.8897858],"to":[11.3873625,7.4905577,7.318357],"rotation":{"angle":-45.0,"axis":"z","origin":[11.3873625,7.204843,5.6040716]},"faces":{"east":{"uv":[0.0,15.5,0.75,16.0],"rotation":0,"texture":"#0","tintindex":0},"south":{"uv":[3.25,10.25,3.875,11.375],"rotation":0,"texture":"#0","tintindex":0},"north":{"uv":[3.625,12.75,4.25,13.875],"rotation":0,"texture":"#0","tintindex":0},"west":{"uv":[0.0,15.5,0.75,16.0],"rotation":0,"texture":"#0","tintindex":0},"up":{"uv":[14.25,12.875,13.625,12.125],"rotation":180,"texture":"#0","tintindex":0},"down":{"uv":[14.25,12.875,13.625,13.625],"rotation":180,"texture":"#0","tintindex":0}}},{"from":[7.11641,5.204439,8.732571],"to":[10.544981,7.4901533,8.732571],"rotation":{"angle":45.0,"axis":"x","origin":[8.830695,7.204439,8.732571]},"faces":{"east":{"uv":[3.625,12.75,4.25,13.875],"rotation":0,"texture":"#0","tintindex":0},"south":{"uv":[0.0,15.5,0.75,16.0],"rotation":0,"texture":"#0","tintindex":0},"north":{"uv":[0.0,15.5,0.75,16.0],"rotation":0,"texture":"#0","tintindex":0},"west":{"uv":[3.25,10.25,3.875,11.375],"rotation":0,"texture":"#0","tintindex":0},"up":{"uv":[14.25,12.875,13.625,12.125],"rotation":270,"texture":"#0","tintindex":0},"down":{"uv":[14.25,12.875,13.625,13.625],"rotation":90,"texture":"#0","tintindex":0}}}],"display":{"head":{"translation":[0.0,-6.4,0.0],"scale":[4.0,4.0,4.0]}}}