{"textures":{"0":"modelengine:entity/oni2"},"elements":[{"from":[5.713742,4.024712,5.1396036],"to":[9.142313,9.167569,10.853889],"rotation":{"angle":0.0,"axis":"y","origin":[15.428572,9.714286,8.571428]},"faces":{"east":{"uv":[10.875,0.0,12.125,1.125],"rotation":0,"texture":"#0","tintindex":0},"south":{"uv":[12.125,12.375,12.875,13.5],"rotation":0,"texture":"#0","tintindex":0},"north":{"uv":[11.375,12.375,12.125,13.5],"rotation":0,"texture":"#0","tintindex":0},"west":{"uv":[10.875,3.625,12.125,4.75],"rotation":0,"texture":"#0","tintindex":0},"up":{"uv":[12.875,4.625,12.125,3.375],"rotation":0,"texture":"#0","tintindex":0},"down":{"uv":[12.875,4.625,12.125,5.875],"rotation":0,"texture":"#0","tintindex":0}}},{"from":[6.2851706,2.7501602,2.1335201],"to":[8.570885,5.6073027,4.990663],"rotation":{"angle":-45.0,"axis":"x","origin":[14.857143,8.444672,5.546918]},"faces":{"east":{"uv":[13.75,1.625,14.375,2.25],"rotation":0,"texture":"#0","tintindex":0},"south":{"uv":[13.875,11.5,14.375,12.125],"rotation":0,"texture":"#0","tintindex":0},"north":{"uv":[10.875,12.5,11.375,13.125],"rotation":0,"texture":"#0","tintindex":0},"west":{"uv":[2.125,13.75,2.75,14.375],"rotation":0,"texture":"#0","tintindex":0},"up":{"uv":[13.25,14.5,12.75,13.875],"rotation":0,"texture":"#0","tintindex":0},"down":{"uv":[1.125,14.0,0.625,14.625],"rotation":0,"texture":"#0","tintindex":0}}}],"display":{"head":{"translation":[0.0,-6.4,0.0],"scale":[4.0,4.0,4.0]}}}