{"textures":{"0":"modelengine:entity/oni2"},"elements":[{"from":[4.5926,1.2224932,7.127733],"to":[8.021172,5.7939215,11.6991625],"rotation":{"angle":0.0,"axis":"y","origin":[14.333334,5.6351695,7.0619764]},"faces":{"east":{"uv":[2.125,3.5,3.125,4.5],"rotation":0,"texture":"#0","tintindex":0},"south":{"uv":[8.375,12.75,9.125,13.75],"rotation":0,"texture":"#0","tintindex":0},"north":{"uv":[7.625,12.75,8.375,13.75],"rotation":0,"texture":"#0","tintindex":0},"west":{"uv":[0.0,11.75,1.0,12.75],"rotation":0,"texture":"#0","tintindex":0},"up":{"uv":[13.625,4.0,12.875,3.0],"rotation":0,"texture":"#0","tintindex":0},"down":{"uv":[13.625,4.0,12.875,5.0],"rotation":0,"texture":"#0","tintindex":0}}},{"from":[4.5926,5.7939215,5.984876],"to":[9.735457,11.508207,12.270591],"rotation":{"angle":0.0,"axis":"y","origin":[14.333334,5.6351695,7.0619764]},"faces":{"east":{"uv":[7.375,9.0,8.75,10.25],"rotation":0,"texture":"#0","tintindex":0},"south":{"uv":[11.0,4.75,12.125,6.0],"rotation":0,"texture":"#0","tintindex":0},"north":{"uv":[10.875,10.375,12.0,11.625],"rotation":0,"texture":"#0","tintindex":0},"west":{"uv":[5.625,9.125,7.0,10.375],"rotation":0,"texture":"#0","tintindex":0},"up":{"uv":[1.125,11.75,0.0,10.375],"rotation":0,"texture":"#0","tintindex":0},"down":{"uv":[6.125,10.375,5.0,11.75],"rotation":0,"texture":"#0","tintindex":0}}},{"from":[3.4497428,4.6510644,5.984876],"to":[4.5926,13.793922,12.270591],"rotation":{"angle":0.0,"axis":"y","origin":[14.333334,5.6351695,7.0619764]},"faces":{"east":{"uv":[0.0,5.0,1.375,7.0],"rotation":0,"texture":"#0","tintindex":0},"south":{"uv":[6.375,13.375,6.625,15.375],"rotation":0,"texture":"#0","tintindex":0},"north":{"uv":[9.875,12.625,10.125,14.625],"rotation":0,"texture":"#0","tintindex":0},"west":{"uv":[1.375,6.0,2.75,8.0],"rotation":0,"texture":"#0","tintindex":0},"up":{"uv":[4.5,8.875,4.25,7.5],"rotation":0,"texture":"#0","tintindex":0},"down":{"uv":[6.0,11.75,5.75,13.125],"rotation":0,"texture":"#0","tintindex":0}}}],"display":{"head":{"translation":[0.0,-6.4,0.0],"scale":[4.0,4.0,4.0]}}}