{"textures":{"0":"modelengine:entity/oni2"},"elements":[{"from":[7.04761,5.3343816,7.1397696],"to":[10.476181,8.1915245,10.568341],"rotation":{"angle":0.0,"axis":"y","origin":[16.761906,13.904762,9.428572]},"faces":{"east":{"uv":[13.625,4.375,14.375,5.0],"rotation":0,"texture":"#0","tintindex":0},"south":{"uv":[9.125,13.625,9.875,14.25],"rotation":0,"texture":"#0","tintindex":0},"north":{"uv":[8.0,6.875,8.75,7.5],"rotation":0,"texture":"#0","tintindex":0},"west":{"uv":[10.125,13.625,10.875,14.25],"rotation":0,"texture":"#0","tintindex":0},"up":{"uv":[14.125,9.125,13.375,8.375],"rotation":0,"texture":"#0","tintindex":0},"down":{"uv":[14.125,9.125,13.375,9.875],"rotation":0,"texture":"#0","tintindex":0}}},{"from":[7.04761,3.6200957,7.1397696],"to":[9.904753,5.3343816,9.996913],"rotation":{"angle":0.0,"axis":"y","origin":[16.761906,13.904762,9.428572]},"faces":{"east":{"uv":[14.125,8.375,14.75,8.75],"rotation":0,"texture":"#0","tintindex":0},"south":{"uv":[8.5,14.125,9.125,14.5],"rotation":0,"texture":"#0","tintindex":0},"north":{"uv":[7.875,14.125,8.5,14.5],"rotation":0,"texture":"#0","tintindex":0},"west":{"uv":[14.125,8.75,14.75,9.125],"rotation":0,"texture":"#0","tintindex":0},"up":{"uv":[14.25,14.25,13.625,13.625],"rotation":0,"texture":"#0","tintindex":0},"down":{"uv":[0.625,13.75,0.0,14.375],"rotation":0,"texture":"#0","tintindex":0}}}],"display":{"head":{"translation":[0.0,-6.4,0.0],"scale":[4.0,4.0,4.0]}}}