{"textures":{"0":"modelengine:entity/oni2"},"elements":[{"from":[7.0687904,6.360838,8.0224285],"to":[10.497362,8.075124,12.0224285],"rotation":{"angle":0.0,"axis":"y","origin":[16.809525,17.61905,7.428571]},"faces":{"east":{"uv":[8.25,13.75,9.125,14.125],"rotation":0,"texture":"#0","tintindex":0},"south":{"uv":[14.0,9.875,14.75,10.25],"rotation":0,"texture":"#0","tintindex":0},"north":{"uv":[14.0,5.0,14.75,5.375],"rotation":0,"texture":"#0","tintindex":0},"west":{"uv":[3.375,13.875,4.25,14.25],"rotation":0,"texture":"#0","tintindex":0},"up":{"uv":[13.625,13.0,12.875,12.125],"rotation":0,"texture":"#0","tintindex":0},"down":{"uv":[13.75,7.5,13.0,8.375],"rotation":0,"texture":"#0","tintindex":0}}},{"from":[7.0687904,3.503695,8.0224285],"to":[8.783076,6.360838,12.0224285],"rotation":{"angle":0.0,"axis":"y","origin":[16.809525,17.61905,7.428571]},"faces":{"east":{"uv":[9.25,2.25,10.125,2.875],"rotation":0,"texture":"#0","tintindex":0},"south":{"uv":[1.75,14.125,2.125,14.75],"rotation":0,"texture":"#0","tintindex":0},"north":{"uv":[13.25,13.875,13.625,14.5],"rotation":0,"texture":"#0","tintindex":0},"west":{"uv":[13.5,2.25,14.375,2.875],"rotation":0,"texture":"#0","tintindex":0},"up":{"uv":[4.25,9.875,3.875,9.0],"rotation":0,"texture":"#0","tintindex":0},"down":{"uv":[7.375,9.125,7.0,10.0],"rotation":0,"texture":"#0","tintindex":0}}},{"from":[8.211648,4.646552,1.1652856],"to":[9.925934,6.360838,14.879572],"rotation":{"angle":0.0,"axis":"y","origin":[16.809525,17.61905,7.428571]},"faces":{"east":{"uv":[11.0,9.875,14.0,10.25],"rotation":0,"texture":"#0","tintindex":0},"south":{"uv":[13.0,8.375,13.375,8.75],"rotation":0,"texture":"#0","tintindex":0},"north":{"uv":[0.75,12.75,1.125,13.125],"rotation":0,"texture":"#0","tintindex":0},"west":{"uv":[11.25,7.125,14.25,7.5],"rotation":0,"texture":"#0","tintindex":0},"up":{"uv":[6.5,13.375,6.125,10.375],"rotation":0,"texture":"#0","tintindex":0},"down":{"uv":[6.875,10.375,6.5,13.375],"rotation":0,"texture":"#0","tintindex":0}}},{"from":[4.9949703,4.3643045,-14.320429],"to":[10.709256,10.07859,-14.320429],"rotation":{"angle":45.0,"axis":"z","origin":[10.489147,7.486343,-4.285715]},"faces":{"east":{"uv":[0.0,0.0,0.0,1.25],"rotation":0,"texture":"#0","tintindex":0},"south":{"uv":[9.625,4.125,10.875,5.375],"rotation":0,"texture":"#0","tintindex":0},"north":{"uv":[9.625,0.0,10.875,1.25],"rotation":0,"texture":"#0","tintindex":0},"west":{"uv":[0.0,0.0,0.0,1.25],"rotation":0,"texture":"#0","tintindex":0},"up":{"uv":[1.25,0.0,0.0,0.0],"rotation":0,"texture":"#0","tintindex":0},"down":{"uv":[1.25,0.0,0.0,0.0],"rotation":0,"texture":"#0","tintindex":0}}},{"from":[4.9949703,4.3643045,1.2509999],"to":[10.709256,10.07859,1.2509999],"rotation":{"angle":45.0,"axis":"z","origin":[10.489147,7.486343,-4.285715]},"faces":{"east":{"uv":[0.0,0.0,0.0,1.25],"rotation":0,"texture":"#0","tintindex":0},"south":{"uv":[9.625,4.125,10.875,5.375],"rotation":0,"texture":"#0","tintindex":0},"north":{"uv":[9.625,0.0,10.875,1.25],"rotation":0,"texture":"#0","tintindex":0},"west":{"uv":[0.0,0.0,0.0,1.25],"rotation":0,"texture":"#0","tintindex":0},"up":{"uv":[1.25,0.0,0.0,0.0],"rotation":0,"texture":"#0","tintindex":0},"down":{"uv":[1.25,0.0,0.0,0.0],"rotation":0,"texture":"#0","tintindex":0}}},{"from":[7.7382607,7.1199393,-14.263287],"to":[10.023975,8.262796,1.1652856],"rotation":{"angle":0.0,"axis":"y","origin":[8.336137,8.378149,-4.285715]},"faces":{"east":{"uv":[12.0,11.0,15.375,11.25],"rotation":0,"texture":"#0","tintindex":0},"south":{"uv":[9.125,14.25,9.625,14.5],"rotation":0,"texture":"#0","tintindex":0},"north":{"uv":[7.625,12.5,8.125,12.75],"rotation":0,"texture":"#0","tintindex":0},"west":{"uv":[12.0,11.25,15.375,11.5],"rotation":0,"texture":"#0","tintindex":0},"up":{"uv":[1.625,13.125,1.125,9.75],"rotation":0,"texture":"#0","tintindex":0},"down":{"uv":[2.125,9.75,1.625,13.125],"rotation":0,"texture":"#0","tintindex":0}}},{"from":[5.8653364,5.8926716,-14.263287],"to":[8.151051,7.0355287,1.1652856],"rotation":{"angle":45.0,"axis":"z","origin":[6.4632125,7.150881,-4.285715]},"faces":{"east":{"uv":[12.0,11.0,15.375,11.25],"rotation":0,"texture":"#0","tintindex":0},"south":{"uv":[9.125,14.25,9.625,14.5],"rotation":0,"texture":"#0","tintindex":0},"north":{"uv":[7.625,12.5,8.125,12.75],"rotation":0,"texture":"#0","tintindex":0},"west":{"uv":[12.0,11.25,15.375,11.5],"rotation":0,"texture":"#0","tintindex":0},"up":{"uv":[1.625,13.125,1.125,9.75],"rotation":0,"texture":"#0","tintindex":0},"down":{"uv":[2.125,9.75,1.625,13.125],"rotation":0,"texture":"#0","tintindex":0}}},{"from":[7.0081935,7.0355287,-14.263287],"to":[7.0081935,9.321243,1.1652856],"rotation":{"angle":45.0,"axis":"z","origin":[6.4632125,7.150881,-4.285715]},"faces":{"east":{"uv":[9.25,1.25,12.625,1.75],"rotation":0,"texture":"#0","tintindex":0},"south":{"uv":[0.0,0.0,0.0,0.5],"rotation":0,"texture":"#0","tintindex":0},"north":{"uv":[0.0,0.0,0.0,0.5],"rotation":0,"texture":"#0","tintindex":0},"west":{"uv":[9.25,1.75,12.625,2.25],"rotation":0,"texture":"#0","tintindex":0},"up":{"uv":[0.0,3.375,0.0,0.0],"rotation":0,"texture":"#0","tintindex":0},"down":{"uv":[0.0,0.0,0.0,3.375],"rotation":0,"texture":"#0","tintindex":0}}},{"from":[6.122017,4.360838,-14.263287],"to":[7.264874,6.646552,1.1652856],"rotation":{"angle":0.0,"axis":"y","origin":[6.0066643,4.958714,-4.285715]},"faces":{"east":{"uv":[2.125,9.75,1.625,13.125],"rotation":270,"texture":"#0","tintindex":0},"south":{"uv":[9.125,14.25,9.625,14.5],"rotation":270,"texture":"#0","tintindex":0},"north":{"uv":[7.625,12.5,8.125,12.75],"rotation":90,"texture":"#0","tintindex":0},"west":{"uv":[1.625,13.125,1.125,9.75],"rotation":270,"texture":"#0","tintindex":0},"up":{"uv":[12.0,11.0,15.375,11.25],"rotation":270,"texture":"#0","tintindex":0},"down":{"uv":[12.0,11.25,15.375,11.5],"rotation":270,"texture":"#0","tintindex":0}}},{"from":[7.3492846,2.4879131,-14.263287],"to":[8.492142,4.7736278,1.1652856],"rotation":{"angle":45.0,"axis":"z","origin":[7.233932,3.0857897,-4.285715]},"faces":{"east":{"uv":[2.125,9.75,1.625,13.125],"rotation":270,"texture":"#0","tintindex":0},"south":{"uv":[9.125,14.25,9.625,14.5],"rotation":270,"texture":"#0","tintindex":0},"north":{"uv":[7.625,12.5,8.125,12.75],"rotation":90,"texture":"#0","tintindex":0},"west":{"uv":[1.625,13.125,1.125,9.75],"rotation":270,"texture":"#0","tintindex":0},"up":{"uv":[12.0,11.0,15.375,11.25],"rotation":270,"texture":"#0","tintindex":0},"down":{"uv":[12.0,11.25,15.375,11.5],"rotation":270,"texture":"#0","tintindex":0}}},{"from":[5.06357,3.6307707,-14.263287],"to":[7.3492846,3.6307707,1.1652856],"rotation":{"angle":45.0,"axis":"z","origin":[7.233932,3.0857897,-4.285715]},"faces":{"east":{"uv":[0.0,0.0,0.0,3.375],"rotation":270,"texture":"#0","tintindex":0},"south":{"uv":[0.0,0.0,0.0,0.5],"rotation":270,"texture":"#0","tintindex":0},"north":{"uv":[0.0,0.0,0.0,0.5],"rotation":90,"texture":"#0","tintindex":0},"west":{"uv":[0.0,3.375,0.0,0.0],"rotation":270,"texture":"#0","tintindex":0},"up":{"uv":[9.25,1.25,12.625,1.75],"rotation":270,"texture":"#0","tintindex":0},"down":{"uv":[9.25,1.75,12.625,2.25],"rotation":270,"texture":"#0","tintindex":0}}},{"from":[9.611185,3.9718614,-14.263287],"to":[11.8969,5.1147184,1.1652856],"rotation":{"angle":45.0,"axis":"z","origin":[11.299024,3.8565092,-4.285715]},"faces":{"east":{"uv":[12.0,11.25,15.375,11.5],"rotation":180,"texture":"#0","tintindex":0},"south":{"uv":[9.125,14.25,9.625,14.5],"rotation":180,"texture":"#0","tintindex":0},"north":{"uv":[7.625,12.5,8.125,12.75],"rotation":180,"texture":"#0","tintindex":0},"west":{"uv":[12.0,11.0,15.375,11.25],"rotation":180,"texture":"#0","tintindex":0},"up":{"uv":[2.125,9.75,1.625,13.125],"rotation":180,"texture":"#0","tintindex":0},"down":{"uv":[1.625,13.125,1.125,9.75],"rotation":180,"texture":"#0","tintindex":0}}},{"from":[10.497362,4.360838,-14.263287],"to":[11.64022,6.646552,1.1652856],"rotation":{"angle":0.0,"axis":"y","origin":[11.755571,6.0486765,-4.285715]},