{"textures":{"0":"modelengine:entity/oni2"},"elements":[{"from":[4.428571,14.048367,3.4716425],"to":[11.857143,19.762653,10.328786],"rotation":{"angle":-45.0,"axis":"x","origin":[7.857143,16.90551,7.471643]},"faces":{"east":{"uv":[8.125,0.0,9.625,1.25],"rotation":0,"texture":"#0","tintindex":0},"south":{"uv":[8.0,5.625,9.625,6.875],"rotation":0,"texture":"#0","tintindex":0},"north":{"uv":[8.0,4.375,9.625,5.625],"rotation":0,"texture":"#0","tintindex":0},"west":{"uv":[8.625,2.875,10.125,4.125],"rotation":0,"texture":"#0","tintindex":0},"up":{"uv":[7.875,2.875,6.25,1.375],"rotation":0,"texture":"#0","tintindex":0},"down":{"uv":[8.0,4.5,6.375,6.0],"rotation":0,"texture":"#0","tintindex":0}}},{"from":[3.2857141,4.764265,4.706284],"to":[13.0,11.621408,11.563427],"rotation":{"angle":22.5,"axis":"x","origin":[10.142858,8.192837,8.134855]},"faces":{"east":{"uv":[4.5,7.375,6.0,8.875],"rotation":0,"texture":"#0","tintindex":0},"south":{"uv":[0.0,3.5,2.125,5.0],"rotation":0,"texture":"#0","tintindex":0},"north":{"uv":[3.125,3.0,5.25,4.5],"rotation":0,"texture":"#0","tintindex":0},"west":{"uv":[2.75,7.5,4.25,9.0],"rotation":0,"texture":"#0","tintindex":0},"up":{"uv":[4.25,6.0,2.125,4.5],"rotation":0,"texture":"#0","tintindex":0},"down":{"uv":[6.375,4.5,4.25,6.0],"rotation":0,"texture":"#0","tintindex":0}}},{"from":[5.0,2.9087358,3.655211],"to":[11.285714,6.337307,9.369497],"rotation":{"angle":0.0,"axis":"y","origin":[11.857143,7.4801645,7.0837827]},"faces":{"east":{"uv":[12.0,10.25,13.25,11.0],"rotation":0,"texture":"#0","tintindex":0},"south":{"uv":[4.25,11.75,5.625,12.5],"rotation":0,"texture":"#0","tintindex":0},"north":{"uv":[11.375,11.625,12.75,12.375],"rotation":0,"texture":"#0","tintindex":0},"west":{"uv":[12.125,0.0,13.375,0.75],"rotation":0,"texture":"#0","tintindex":0},"up":{"uv":[5.625,10.125,4.25,8.875],"rotation":0,"texture":"#0","tintindex":0},"down":{"uv":[3.875,9.0,2.5,10.25],"rotation":0,"texture":"#0","tintindex":0}}},{"from":[5.0,-2.2341213,3.655211],"to":[11.285714,2.9087358,3.655211],"rotation":{"angle":0.0,"axis":"y","origin":[11.857143,7.4801645,7.0837827]},"faces":{"east":{"uv":[0.0,0.0,0.0,1.125],"rotation":0,"texture":"#0","tintindex":0},"south":{"uv":[8.125,10.375,9.5,11.5],"rotation":0,"texture":"#0","tintindex":0},"north":{"uv":[8.125,10.375,9.5,11.5],"rotation":0,"texture":"#0","tintindex":0},"west":{"uv":[0.0,0.0,0.0,1.125],"rotation":0,"texture":"#0","tintindex":0},"up":{"uv":[1.375,0.0,0.0,0.0],"rotation":0,"texture":"#0","tintindex":0},"down":{"uv":[1.375,0.0,0.0,0.0],"rotation":0,"texture":"#0","tintindex":0}}},{"from":[0.9999995,10.048367,4.6145],"to":[15.285715,16.90551,12.6145],"rotation":{"angle":0.0,"axis":"y","origin":[7.857143,11.762652,7.471643]},"faces":{"east":{"uv":[5.25,3.0,7.0,4.5],"rotation":0,"texture":"#0","tintindex":0},"south":{"uv":[3.125,1.5,6.25,3.0],"rotation":0,"texture":"#0","tintindex":0},"north":{"uv":[3.125,0.0,6.25,1.5],"rotation":0,"texture":"#0","tintindex":0},"west":{"uv":[2.75,6.0,4.5,7.5],"rotation":0,"texture":"#0","tintindex":0},"up":{"uv":[3.125,1.75,0.0,0.0],"rotation":0,"texture":"#0","tintindex":0},"down":{"uv":[3.125,1.75,0.0,3.5],"rotation":0,"texture":"#0","tintindex":0}}}],"display":{"head":{"translation":[0.0,-6.4,0.0],"scale":[4.0,4.0,4.0]}}}