{"textures":{"0":"modelengine:entity/oni2"},"elements":[{"from":[6.5926,6.0201144,6.8347144],"to":[10.021172,8.305829,11.9775715],"rotation":{"angle":0.0,"axis":"y","origin":[-0.80952454,17.61905,7.428571]},"faces":{"east":{"uv":[12.625,1.75,13.75,2.25],"rotation":0,"texture":"#0","tintindex":0},"south":{"uv":[13.75,7.875,14.5,8.375],"rotation":0,"texture":"#0","tintindex":0},"north":{"uv":[10.125,3.625,10.875,4.125],"rotation":0,"texture":"#0","tintindex":0},"west":{"uv":[13.125,6.625,14.25,7.125],"rotation":0,"texture":"#0","tintindex":0},"up":{"uv":[7.625,13.625,6.875,12.5],"rotation":0,"texture":"#0","tintindex":0},"down":{"uv":[10.875,12.5,10.125,13.625],"rotation":0,"texture":"#0","tintindex":0}}},{"from":[7.1640286,3.1629715,7.4061427],"to":[10.021172,6.0201144,11.9775715],"rotation":{"angle":0.0,"axis":"y","origin":[-0.80952454,17.61905,7.428571]},"faces":{"east":{"uv":[13.25,10.25,14.25,10.875],"rotation":0,"texture":"#0","tintindex":0},"south":{"uv":[13.75,5.625,14.375,6.25],"rotation":0,"texture":"#0","tintindex":0},"north":{"uv":[2.75,13.75,3.375,14.375],"rotation":0,"texture":"#0","tintindex":0},"west":{"uv":[13.375,0.0,14.375,0.625],"rotation":0,"texture":"#0","tintindex":0},"up":{"uv":[14.0,1.625,13.375,0.625],"rotation":0,"texture":"#0","tintindex":0},"down":{"uv":[6.375,13.375,5.75,14.375],"rotation":0,"texture":"#0","tintindex":0}}},{"from":[6.0211716,4.8772573,7.9775715],"to":[7.1640286,6.5915427,10.834715],"rotation":{"angle":0.0,"axis":"y","origin":[-0.80952454,17.61905,7.428571]},"faces":{"east":{"uv":[3.375,14.25,4.0,14.625],"rotation":0,"texture":"#0","tintindex":0},"south":{"uv":[14.25,10.625,14.5,11.0],"rotation":0,"texture":"#0","tintindex":0},"north":{"uv":[10.625,14.25,10.875,14.625],"rotation":0,"texture":"#0","tintindex":0},"west":{"uv":[14.25,3.5,14.875,3.875],"rotation":0,"texture":"#0","tintindex":0},"up":{"uv":[2.75,8.625,2.5,8.0],"rotation":0,"texture":"#0","tintindex":0},"down":{"uv":[1.375,8.625,1.125,9.25],"rotation":0,"texture":"#0","tintindex":0}}}],"display":{"head":{"translation":[0.0,-6.4,0.0],"scale":[4.0,4.0,4.0]}}}