{"textures":{"0":"modelengine:entity/oni2"},"elements":[{"from":[9.06879,0.90498877,5.8533616],"to":[12.497362,4.9049892,11.567648],"rotation":{"angle":0.0,"axis":"y","origin":[1.6666665,5.6351695,7.0619764]},"faces":{"east":{"uv":[6.875,11.625,8.125,12.5],"rotation":0,"texture":"#0","tintindex":0},"south":{"uv":[0.75,13.125,1.5,14.0],"rotation":0,"texture":"#0","tintindex":0},"north":{"uv":[12.875,13.0,13.625,13.875],"rotation":0,"texture":"#0","tintindex":0},"west":{"uv":[10.125,11.625,11.375,12.5],"rotation":0,"texture":"#0","tintindex":0},"up":{"uv":[13.0,8.75,12.25,7.5],"rotation":0,"texture":"#0","tintindex":0},"down":{"uv":[13.125,5.875,12.375,7.125],"rotation":0,"texture":"#0","tintindex":0}}},{"from":[7.354505,4.9049892,5.2819333],"to":[13.640219,11.762133,12.710505],"rotation":{"angle":0.0,"axis":"y","origin":[1.6666665,5.6351695,7.0619764]},"faces":{"east":{"uv":[6.375,6.0,8.0,7.5],"rotation":0,"texture":"#0","tintindex":0},"south":{"uv":[7.875,1.375,9.25,2.875],"rotation":0,"texture":"#0","tintindex":0},"north":{"uv":[7.375,7.5,8.75,9.0],"rotation":0,"texture":"#0","tintindex":0},"west":{"uv":[7.0,2.875,8.625,4.375],"rotation":0,"texture":"#0","tintindex":0},"up":{"uv":[1.375,8.625,0.0,7.0],"rotation":0,"texture":"#0","tintindex":0},"down":{"uv":[7.375,7.5,6.0,9.125],"rotation":0,"texture":"#0","tintindex":0}}}],"display":{"head":{"translation":[0.0,-6.4,0.0],"scale":[4.0,4.0,4.0]}}}