{"textures":{"0":"modelengine:entity/oni2"},"elements":[{"from":[6.2857237,7.428785,3.9967465],"to":[9.142866,8.571642,7.9967465],"rotation":{"angle":0.0,"axis":"y","origin":[-0.57142925,18.857143,7.428571]},"faces":{"east":{"uv":[12.125,3.375,11.25,3.625],"rotation":0,"texture":"#0","tintindex":0},"south":{"uv":[4.875,11.5,4.25,11.75],"rotation":0,"texture":"#0","tintindex":0},"north":{"uv":[5.625,10.125,5.0,10.375],"rotation":0,"texture":"#0","tintindex":0},"west":{"uv":[9.5,4.125,8.625,4.375],"rotation":0,"texture":"#0","tintindex":0},"up":{"uv":[10.875,14.375,11.5,13.5],"rotation":0,"texture":"#0","tintindex":0},"down":{"uv":[11.5,13.5,12.125,14.375],"rotation":0,"texture":"#0","tintindex":0}}}],"display":{"head":{"translation":[0.0,-6.4,0.0],"scale":[4.0,4.0,4.0]}}}