{"textures":{"0":"modelengine:entity/oni2"},"elements":[{"from":[5.5238185,5.3343816,7.1397696],"to":[8.952391,8.1915245,10.568341],"rotation":{"angle":0.0,"axis":"y","origin":[-0.7619047,13.904762,9.428572]},"faces":{"east":{"uv":[10.875,13.625,10.125,14.25],"rotation":0,"texture":"#0","tintindex":0},"south":{"uv":[9.875,13.625,9.125,14.25],"rotation":0,"texture":"#0","tintindex":0},"north":{"uv":[8.75,6.875,8.0,7.5],"rotation":0,"texture":"#0","tintindex":0},"west":{"uv":[14.375,4.375,13.625,5.0],"rotation":0,"texture":"#0","tintindex":0},"up":{"uv":[13.375,9.125,14.125,8.375],"rotation":0,"texture":"#0","tintindex":0},"down":{"uv":[13.375,9.125,14.125,9.875],"rotation":0,"texture":"#0","tintindex":0}}},{"from":[6.0952473,3.6200957,7.1397696],"to":[8.952391,5.3343816,9.996913],"rotation":{"angle":0.0,"axis":"y","origin":[-0.7619047,13.904762,9.428572]},"faces":{"east":{"uv":[14.75,8.75,14.125,9.125],"rotation":0,"texture":"#0","tintindex":0},"south":{"uv":[9.125,14.125,8.5,14.5],"rotation":0,"texture":"#0","tintindex":0},"north":{"uv":[8.5,14.125,7.875,14.5],"rotation":0,"texture":"#0","tintindex":0},"west":{"uv":[14.75,8.375,14.125,8.75],"rotation":0,"texture":"#0","tintindex":0},"up":{"uv":[13.625,14.25,14.25,13.625],"rotation":0,"texture":"#0","tintindex":0},"down":{"uv":[0.0,13.75,0.625,14.375],"rotation":0,"texture":"#0","tintindex":0}}}],"display":{"head":{"translation":[0.0,-6.4,0.0],"scale":[4.0,4.0,4.0]}}}