{"textures":{"0":"modelengine:entity/oni2"},"elements":[{"from":[6.8576865,4.024712,5.1396036],"to":[10.286259,9.167569,10.853889],"rotation":{"angle":0.0,"axis":"y","origin":[0.5714283,9.714286,8.571428]},"faces":{"east":{"uv":[12.125,3.625,10.875,4.75],"rotation":0,"texture":"#0","tintindex":0},"south":{"uv":[12.875,12.375,12.125,13.5],"rotation":0,"texture":"#0","tintindex":0},"north":{"uv":[12.125,12.375,11.375,13.5],"rotation":0,"texture":"#0","tintindex":0},"west":{"uv":[12.125,0.0,10.875,1.125],"rotation":0,"texture":"#0","tintindex":0},"up":{"uv":[12.125,4.625,12.875,3.375],"rotation":0,"texture":"#0","tintindex":0},"down":{"uv":[12.125,4.625,12.875,5.875],"rotation":0,"texture":"#0","tintindex":0}}},{"from":[7.4291153,2.7501602,2.1335201],"to":[9.714829,5.6073027,4.990663],"rotation":{"angle":-45.0,"axis":"x","origin":[1.1428566,8.444672,5.546918]},"faces":{"east":{"uv":[2.75,13.75,2.125,14.375],"rotation":0,"texture":"#0","tintindex":0},"south":{"uv":[14.375,11.5,13.875,12.125],"rotation":0,"texture":"#0","tintindex":0},"north":{"uv":[11.375,12.5,10.875,13.125],"rotation":0,"texture":"#0","tintindex":0},"west":{"uv":[14.375,1.625,13.75,2.25],"rotation":0,"texture":"#0","tintindex":0},"up":{"uv":[12.75,14.5,13.25,13.875],"rotation":0,"texture":"#0","tintindex":0},"down":{"uv":[0.625,14.0,1.125,14.625],"rotation":0,"texture":"#0","tintindex":0}}}],"display":{"head":{"translation":[0.0,-6.4,0.0],"scale":[4.0,4.0,4.0]}}}