{"textures":{"0":"modelengine:entity/minotaur_chest"},"elements":[{"from":[5.5714283,5.714286,7.714286],"to":[10.571428,10.857143,8.285714],"rotation":{"angle":0.0,"axis":"y","origin":[8.0,-5.714287,8.0]},"faces":{"east":{"uv":[4.25,6.75,4.375,7.875],"rotation":0,"texture":"#0","tintindex":0},"south":{"uv":[9.125,8.375,10.25,9.5],"rotation":0,"texture":"#0","tintindex":0},"north":{"uv":[2.5,8.25,3.625,9.375],"rotation":0,"texture":"#0","tintindex":0},"west":{"uv":[7.125,10.125,7.25,11.25],"rotation":0,"texture":"#0","tintindex":0},"up":{"uv":[10.625,2.875,9.5,2.75],"rotation":0,"texture":"#0","tintindex":0},"down":{"uv":[14.125,2.125,13.0,2.25],"rotation":0,"texture":"#0","tintindex":0}}},{"from":[6.0,10.285714,8.285714],"to":[10.142858,10.857143,8.857143],"rotation":{"angle":0.0,"axis":"y","origin":[8.0,-5.714287,8.0]},"faces":{"east":{"uv":[4.75,11.625,4.875,11.75],"rotation":0,"texture":"#0","tintindex":0},"south":{"uv":[8.0,9.75,8.875,9.875],"rotation":0,"texture":"#0","tintindex":0},"north":{"uv":[8.75,5.75,9.625,5.875],"rotation":0,"texture":"#0","tintindex":0},"west":{"uv":[7.125,11.625,7.25,11.75],"rotation":0,"texture":"#0","tintindex":0},"up":{"uv":[11.125,9.5,10.25,9.375],"rotation":0,"texture":"#0","tintindex":0},"down":{"uv":[14.25,4.25,13.375,4.375],"rotation":0,"texture":"#0","tintindex":0}}},{"from":[7.285714,9.428572,8.285714],"to":[8.714286,9.857143,8.857143],"rotation":{"angle":0.0,"axis":"y","origin":[8.0,-5.714287,8.0]},"faces":{"east":{"uv":[13.125,10.75,13.25,10.875],"rotation":0,"texture":"#0","tintindex":0},"south":{"uv":[13.625,1.5,14.0,1.625],"rotation":0,"texture":"#0","tintindex":0},"north":{"uv":[1.375,13.625,1.75,13.75],"rotation":0,"texture":"#0","tintindex":0},"west":{"uv":[13.25,4.875,13.375,5.0],"rotation":0,"texture":"#0","tintindex":0},"up":{"uv":[14.0,1.75,13.625,1.625],"rotation":0,"texture":"#0","tintindex":0},"down":{"uv":[14.0,1.75,13.625,1.875],"rotation":0,"texture":"#0","tintindex":0}}},{"from":[7.0,8.571428,8.285714],"to":[7.5714283,9.428572,8.857143],"rotation":{"angle":0.0,"axis":"y","origin":[8.0,-5.714287,8.0]},"faces":{"east":{"uv":[13.625,4.5,13.75,4.75],"rotation":0,"texture":"#0","tintindex":0},"south":{"uv":[4.625,13.625,4.75,13.875],"rotation":0,"texture":"#0","tintindex":0},"north":{"uv":[4.5,13.625,4.625,13.875],"rotation":0,"texture":"#0","tintindex":0},"west":{"uv":[13.625,5.875,13.75,6.125],"rotation":0,"texture":"#0","tintindex":0},"up":{"uv":[13.5,5.0,13.375,4.875],"rotation":0,"texture":"#0","tintindex":0},"down":{"uv":[13.75,4.75,13.625,4.875],"rotation":0,"texture":"#0","tintindex":0}}},{"from":[8.428572,8.142858,8.285714],"to":[9.0,9.428572,8.857143],"rotation":{"angle":0.0,"axis":"y","origin":[8.0,-5.714287,8.0]},"faces":{"east":{"uv":[10.0,13.625,10.125,13.875],"rotation":0,"texture":"#0","tintindex":0},"south":{"uv":[10.125,13.625,10.25,13.875],"rotation":0,"texture":"#0","tintindex":0},"north":{"uv":[9.875,13.625,10.0,13.875],"rotation":0,"texture":"#0","tintindex":0},"west":{"uv":[10.25,13.625,10.375,13.875],"rotation":0,"texture":"#0","tintindex":0},"up":{"uv":[13.75,6.25,13.625,6.125],"rotation":0,"texture":"#0","tintindex":0},"down":{"uv":[10.5,13.625,10.375,13.75],"rotation":0,"texture":"#0","tintindex":0}}},{"from":[8.0,8.142858,8.285714],"to":[8.428572,8.571428,8.857143],"rotation":{"angle":0.0,"axis":"y","origin":[8.0,-5.714287,8.0]},"faces":{"east":{"uv":[10.625,13.625,10.75,13.75],"rotation":0,"texture":"#0","tintindex":0},"south":{"uv":[10.75,13.625,10.875,13.75],"rotation":0,"texture":"#0","tintindex":0},"north":{"uv":[10.5,13.625,10.625,13.75],"rotation":0,"texture":"#0","tintindex":0},"west":{"uv":[10.875,13.625,11.0,13.75],"rotation":0,"texture":"#0","tintindex":0},"up":{"uv":[11.125,13.75,11.0,13.625],"rotation":0,"texture":"#0","tintindex":0},"down":{"uv":[11.25,13.625,11.125,13.75],"rotation":0,"texture":"#0","tintindex":0}}},{"from":[7.714286,7.5714283,8.285714],"to":[8.285714,8.142858,8.857143],"rotation":{"angle":0.0,"axis":"y","origin":[7.857143,-5.714287,8.0]},"faces":{"east":{"uv":[12.25,13.625,12.375,13.75],"rotation":0,"texture":"#0","tintindex":0},"south":{"uv":[12.375,13.625,12.5,13.75],"rotation":0,"texture":"#0","tintindex":0},"north":{"uv":[11.25,13.625,11.375,13.75],"rotation":0,"texture":"#0","tintindex":0},"west":{"uv":[12.5,13.625,12.625,13.75],"rotation":0,"texture":"#0","tintindex":0},"up":{"uv":[1.5,13.875,1.375,13.75],"rotation":0,"texture":"#0","tintindex":0},"down":{"uv":[1.625,13.75,1.5,13.875],"rotation":0,"texture":"#0","tintindex":0}}},{"from":[7.714286,6.714286,8.285714],"to":[8.285714,7.285714,8.857143],"rotation":{"angle":0.0,"axis":"y","origin":[7.857143,-5.714287,8.0]},"faces":{"east":{"uv":[13.75,1.875,13.875,2.0],"rotation":0,"texture":"#0","tintindex":0},"south":{"uv":[13.75,2.0,13.875,2.125],"rotation":0,"texture":"#0","tintindex":0},"north":{"uv":[1.625,13.75,1.75,13.875],"rotation":0,"texture":"#0","tintindex":0},"west":{"uv":[13.75,3.5,13.875,3.625],"rotation":0,"texture":"#0","tintindex":0},"up":{"uv":[13.875,3.75,13.75,3.625],"rotation":0,"texture":"#0","tintindex":0},"down":{"uv":[13.875,3.75,13.75,3.875],"rotation":0,"texture":"#0","tintindex":0}}},{"from":[6.0,5.714286,8.285714],"to":[10.142858,6.285714,8.857143],"rotation":{"angle":0.0,"axis":"y","origin":[8.0,-5.714287,8.0]},"faces":{"east":{"uv":[13.75,3.875,13.875,4.0],"rotation":0,"texture":"#0","tintindex":0},"south":{"uv":[13.375,5.625,14.25,5.75],"rotation":0,"texture":"#0","tintindex":0},"north":{"uv":[13.375,4.375,14.25,4.5],"rotation":0,"texture":"#0","tintindex":0},"west":{"uv":[13.75,4.0,13.875,4.125],"rotation":0,"texture":"#0","tintindex":0},"up":{"uv":[14.25,5.875,13.375,5.75],"rotation":0,"texture":"#0","tintindex":0},"down":{"uv":[14.25,9.625,13.375,9.75],"rotation":0,"texture":"#0","tintindex":0}}},{"from":[5.5714283,6.285714,8.285714],"to":[6.285714,10.285714,8.857143],"rotation":{"angle":0.0,"axis":"y","origin":[8.0,-5.714287,8.0]},"faces":{"east":{"uv":[6.75,11.125,6.875,12.0],"rotation":0,"texture":"#0","tintindex":0},"south":{"uv":[3.125,11.625,3.25,12.5],"rotation":0,"texture":"#0","tintindex":0},"north":{"uv":[1.875,10.25,2.0,11.125],"rotation":0,"texture":"#0","tintindex":0},"west":{"uv":[2.25,11.875,2.375,12.75],"rotation":0,"texture":"#0","tintindex":0},"up":{"uv":[13.875,4.25,13.75,4.125],"rotation":0,"texture":"#0","tintindex":0},"down":{"uv":[13.875,4.5,13.75,4.625],"rotation":0,"texture":"#0","tintindex":0}}},{"from":[9.857143,6.285714,8.285714],"to":[10.571428,10.285714,8.857143],"rotation":{"angle":0.0,"axis":"y","origin":[8.0,-5.714287,8.0]},"faces":{"east":{"uv":[0.0,13.625,0.125,14.5],"rotation":0,"texture":"#0","tintindex":0},"south":{"uv":[0.125,13.625,0.25,14.5],"rotation":0,"texture":"#0","tintindex":0},"north":{"uv":[2.125,13.25,2.25,14.125],"rotation":0,"texture":"#0","tintindex":0},"west":{"uv":[0.25,13.625,0.375,14.5],"rotation":0,"texture":"#0","tintindex":0},"up":{"uv":[13.875,4.75,13.75,4.625],"rotation":0,"texture":"#0","tintindex":0},"down":{"uv":[4.875,13.75,4.75,13.875],"rotation":0,"texture":"#0","tintindex":0}}},{"from":[9.857143,6.285714,7.142857],"to":[10.571428,10.285714,7.714286],"rotation":{"angle":0.0,"axis":"y","origin":[8.0,-5.714287,8.0]},"faces":{"east":{"uv":[0.5,13.625,0.625,14.5],"rotation":0,"texture":"#0","tintindex":0},"south":{"uv":[0.625,13.625,0.75,14.5],"rotation":0,"texture":"#0","tintindex":0},"north":{"uv":[0.375,13.625,0.5,14.5],"rotation":0,"texture":"#0","tintindex":0},"west":{"uv":[0.75,13.625,0.875,14.5],"rotation":0,"texture":"#0","tintindex":0},"up":{"uv":[13.875,4.875,13.75,4.75],"rotation":0,"texture":"#0","tintindex":0},"down":{"uv":[5.0,13.75,4.875,13.875],"rotation":0,"texture":"#0","tintindex":0}}},{"from":[6.0,10.285714,7.142857],"to":[10.142858,10.857143,7.714286],"rotation":{"angle":0.0,"axis":"y","origin":[8.0,-5.714287,8.0]},"faces":{"east":{"uv":[5.0,13.75,5.125,13.875],"rotation":0,"texture":"#0","tintindex":0},"south":{"uv":[13.5,1.125,14.375,1.25],"rotation":0,