{"textures":{"0":"modelengine:entity/minotaur_chest"},"elements":[{"from":[1.7460313,10.904762,7.428571],"to":[14.317461,12.047619,18.857143],"rotation":{"angle":0.0,"axis":"y","origin":[8.031746,2.9047613,13.142858]},"faces":{"east":{"uv":[5.625,8.125,7.375,8.375],"rotation":0,"texture":"#0","tintindex":0},"south":{"uv":[0.0,7.375,2.25,7.625],"rotation":0,"texture":"#0","tintindex":0},"north":{"uv":[0.0,7.375,2.25,7.625],"rotation":0,"texture":"#0","tintindex":0},"west":{"uv":[5.625,8.125,7.375,8.375],"rotation":0,"texture":"#0","tintindex":0},"up":{"uv":[2.75,2.5,0.0,0.0],"rotation":0,"texture":"#0","tintindex":0},"down":{"uv":[5.375,2.5,2.625,5.0],"rotation":0,"texture":"#0","tintindex":0}}},{"from":[1.7460313,12.047619,9.142858],"to":[14.317461,13.190476,17.142857],"rotation":{"angle":0.0,"axis":"y","origin":[8.031746,2.9047613,13.142858]},"faces":{"east":{"uv":[5.625,7.875,7.375,8.125],"rotation":0,"texture":"#0","tintindex":0},"south":{"uv":[10.25,8.875,13.0,9.125],"rotation":0,"texture":"#0","tintindex":0},"north":{"uv":[10.25,8.625,13.0,8.875],"rotation":0,"texture":"#0","tintindex":0},"west":{"uv":[5.625,7.875,7.375,8.125],"rotation":0,"texture":"#0","tintindex":0},"up":{"uv":[5.5,1.75,2.75,0.0],"rotation":0,"texture":"#0","tintindex":0},"down":{"uv":[5.5,1.75,2.75,3.5],"rotation":0,"texture":"#0","tintindex":0}}},{"from":[2.31746,8.047619,17.714287],"to":[13.746032,10.904762,18.857143],"rotation":{"angle":0.0,"axis":"y","origin":[8.031746,2.9047613,13.142858]},"faces":{"east":{"uv":[2.25,8.25,2.5,8.875],"rotation":0,"texture":"#0","tintindex":0},"south":{"uv":[0.0,7.25,2.25,7.875],"rotation":0,"texture":"#0","tintindex":0},"north":{"uv":[7.125,5.875,9.625,6.5],"rotation":0,"texture":"#0","tintindex":0},"west":{"uv":[13.125,12.0,13.375,12.625],"rotation":0,"texture":"#0","tintindex":0},"up":{"uv":[13.5,1.25,11.0,1.0],"rotation":0,"texture":"#0","tintindex":0},"down":{"uv":[13.5,2.75,11.0,3.0],"rotation":0,"texture":"#0","tintindex":0}}},{"from":[2.31746,8.047619,18.857143],"to":[13.746032,9.761905,19.428572],"rotation":{"angle":0.0,"axis":"y","origin":[8.031746,2.9047613,13.142858]},"faces":{"east":{"uv":[1.875,11.125,2.0,11.5],"rotation":0,"texture":"#0","tintindex":0},"south":{"uv":[9.5,1.25,12.0,1.625],"rotation":0,"texture":"#0","tintindex":0},"north":{"uv":[0.0,9.5,2.5,9.875],"rotation":0,"texture":"#0","tintindex":0},"west":{"uv":[4.75,11.25,4.875,11.625],"rotation":0,"texture":"#0","tintindex":0},"up":{"uv":[14.25,2.75,11.75,2.625],"rotation":0,"texture":"#0","tintindex":0},"down":{"uv":[14.5,2.25,12.0,2.375],"rotation":0,"texture":"#0","tintindex":0}}},{"from":[10.888889,6.904762,18.857143],"to":[11.460318,8.047619,19.428572],"rotation":{"angle":0.0,"axis":"y","origin":[8.031746,2.9047613,13.142858]},"faces":{"east":{"uv":[4.125,13.625,4.25,13.875],"rotation":0,"texture":"#0","tintindex":0},"south":{"uv":[4.25,13.625,4.375,13.875],"rotation":0,"texture":"#0","tintindex":0},"north":{"uv":[4.0,13.625,4.125,13.875],"rotation":0,"texture":"#0","tintindex":0},"west":{"uv":[4.375,13.625,4.5,13.875],"rotation":0,"texture":"#0","tintindex":0},"up":{"uv":[11.5,6.625,11.375,6.5],"rotation":0,"texture":"#0","tintindex":0},"down":{"uv":[11.625,6.5,11.5,6.625],"rotation":0,"texture":"#0","tintindex":0}}},{"from":[4.031746,6.333333,18.285715],"to":[5.7460318,8.047619,18.857143],"rotation":{"angle":0.0,"axis":"y","origin":[1.7460313,2.9047613,13.142858]},"faces":{"east":{"uv":[5.125,11.75,5.25,12.125],"rotation":0,"texture":"#0","tintindex":0},"south":{"uv":[13.375,7.75,13.75,8.125],"rotation":0,"texture":"#0","tintindex":0},"north":{"uv":[13.375,7.375,13.75,7.75],"rotation":0,"texture":"#0","tintindex":0},"west":{"uv":[6.75,12.0,6.875,12.375],"rotation":0,"texture":"#0","tintindex":0},"up":{"uv":[11.625,5.75,11.25,5.625],"rotation":0,"texture":"#0","tintindex":0},"down":{"uv":[13.375,10.875,13.0,11.0],"rotation":0,"texture":"#0","tintindex":0}}},{"from":[10.888889,6.904762,18.857143],"to":[11.460318,8.047619,19.428572],"rotation":{"angle":0.0,"axis":"y","origin":[8.031746,2.9047613,13.142858]},"faces":{"east":{"uv":[4.125,13.625,4.25,13.875],"rotation":0,"texture":"#0","tintindex":0},"south":{"uv":[4.25,13.625,4.375,13.875],"rotation":0,"texture":"#0","tintindex":0},"north":{"uv":[4.0,13.625,4.125,13.875],"rotation":0,"texture":"#0","tintindex":0},"west":{"uv":[4.375,13.625,4.5,13.875],"rotation":0,"texture":"#0","tintindex":0},"up":{"uv":[11.5,6.625,11.375,6.5],"rotation":0,"texture":"#0","tintindex":0},"down":{"uv":[11.625,6.5,11.5,6.625],"rotation":0,"texture":"#0","tintindex":0}}},{"from":[10.31746,6.333333,18.285715],"to":[12.031746,8.047619,18.857143],"rotation":{"angle":0.0,"axis":"y","origin":[8.031746,2.9047613,13.142858]},"faces":{"east":{"uv":[5.125,11.75,5.25,12.125],"rotation":0,"texture":"#0","tintindex":0},"south":{"uv":[13.375,7.75,13.75,8.125],"rotation":0,"texture":"#0","tintindex":0},"north":{"uv":[13.375,7.375,13.75,7.75],"rotation":0,"texture":"#0","tintindex":0},"west":{"uv":[6.75,12.0,6.875,12.375],"rotation":0,"texture":"#0","tintindex":0},"up":{"uv":[11.625,5.75,11.25,5.625],"rotation":0,"texture":"#0","tintindex":0},"down":{"uv":[13.375,10.875,13.0,11.0],"rotation":0,"texture":"#0","tintindex":0}}},{"from":[2.31746,8.047619,6.857143],"to":[13.746032,9.761905,7.428571],"rotation":{"angle":0.0,"axis":"y","origin":[8.031746,2.9047613,13.142858]},"faces":{"east":{"uv":[11.0,12.0,11.125,12.375],"rotation":0,"texture":"#0","tintindex":0},"south":{"uv":[9.5,2.0,12.0,2.375],"rotation":0,"texture":"#0","tintindex":0},"north":{"uv":[9.5,1.625,12.0,2.0],"rotation":0,"texture":"#0","tintindex":0},"west":{"uv":[13.0,10.5,13.125,10.875],"rotation":0,"texture":"#0","tintindex":0},"up":{"uv":[14.5,6.375,12.0,6.25],"rotation":0,"texture":"#0","tintindex":0},"down":{"uv":[14.5,6.375,12.0,6.5],"rotation":0,"texture":"#0","tintindex":0}}},{"from":[2.31746,8.047619,7.428571],"to":[13.746032,10.904762,8.571428],"rotation":{"angle":0.0,"axis":"y","origin":[8.031746,2.9047613,13.142858]},"faces":{"east":{"uv":[1.875,13.25,2.125,13.875],"rotation":0,"texture":"#0","tintindex":0},"south":{"uv":[8.875,6.5,11.375,7.125],"rotation":0,"texture":"#0","tintindex":0},"north":{"uv":[0.0,7.25,2.25,7.875],"rotation":0,"texture":"#0","tintindex":0},"west":{"uv":[13.25,10.25,13.5,10.875],"rotation":0,"texture":"#0","tintindex":0},"up":{"uv":[13.5,3.25,11.0,3.0],"rotation":0,"texture":"#0","tintindex":0},"down":{"uv":[13.5,3.25,11.0,3.5],"rotation":0,"texture":"#0","tintindex":0}}},{"from":[13.174603,7.4761906,8.0],"to":[14.317461,10.904762,18.285715],"rotation":{"angle":0.0,"axis":"y","origin":[8.031746,2.9047613,13.142858]},"faces":{"east":{"uv":[5.625,8.0,7.375,8.75],"rotation":0,"texture":"#0","tintindex":0},"south":{"uv":[13.125,11.25,13.375,12.0],"rotation":0,"texture":"#0","tintindex":0},"north":{"uv":[3.625,8.25,3.875,9.0],"rotation":0,"texture":"#0","tintindex":0},"west":{"uv":[8.75,2.875,11.0,3.625],"rotation":0,"texture":"#0","tintindex":0},"up":{"uv":[7.125,12.375,6.875,10.125],"rotation":0,"texture":"#0","tintindex":0},"down":{"uv":[5.875,11.125,5.625,13.375],"rotation":0,"texture":"#0","tintindex":0}}},{"from":[13.746032,8.047619,17.714287],"to":[15.460318,12.619047,19.428572],"rotation":{"angle":0.0,"axis":"y","origin":[8.031746,2.9047613,13.142858]},"faces":{"east":{"uv":[9.875,12.0,10.25,13.0],"rotation":0,"texture":"#0","tintindex":0},"south":{"uv":[10.25,12.0,10.625,13.0],"rotation":0,"texture":"#0","tintindex":0},"north":{"uv":[3.875,6.75,4.25,7.75],"rotation":0,"texture":"#0","tintindex":0},"west":{"uv":[10.625,12.0,11.0,13.0],"rotation":0,"texture":"#0","tintindex":0},"up":{"uv":[13.75,8.5,13.375,8.125],"rotation":0,"texture":"#0","tintindex":0},"down":{"uv":[13.75,8.5,13.375,8.875],"rotation":0,"texture":"#0","tintindex":0}}},{"from":[13.746032,8.047619,6.857143],"to":[15.460318,12.619047,8.571428],"rotation":{"angle":0.0,"axis":"y","origin":[8.031746,2.9047613,13.142858]},"faces":{"east":{"uv":[12.25,11.25,12.625,12.25],"rotation":0,