{"textures":{"0":"modelengine:entity/tengu"},"elements":[{"from":[5.783371,5.0375013,5.8387976],"to":[6.926228,7.894644,6.410226],"rotation":{"angle":0.0,"axis":"y","origin":[-2.8377895,16.693588,13.511131]},"faces":{"east":{"uv":[13.625,1.25,13.5,1.875],"rotation":0,"texture":"#0","tintindex":0},"south":{"uv":[10.75,0.875,10.5,1.5],"rotation":0,"texture":"#0","tintindex":0},"north":{"uv":[11.75,1.125,11.5,1.75],"rotation":0,"texture":"#0","tintindex":0},"west":{"uv":[12.5,1.0,12.375,1.625],"rotation":0,"texture":"#0","tintindex":0},"up":{"uv":[14.125,1.75,14.375,1.625],"rotation":0,"texture":"#0","tintindex":0},"down":{"uv":[15.75,1.375,16.0,1.25],"rotation":0,"texture":"#0","tintindex":0}}},{"from":[6.3432903,4.443963,-11.303516],"to":[6.3432903,9.586821,5.839341],"rotation":{"angle":0.0,"axis":"y","origin":[-2.8377895,16.693588,13.511131]},"faces":{"east":{"uv":[8.75,14.625,5.0,15.75],"rotation":0,"texture":"#0","tintindex":0},"south":{"uv":[10.75,0.875,10.5,1.5],"rotation":0,"texture":"#0","tintindex":0},"north":{"uv":[11.75,1.125,11.5,1.75],"rotation":0,"texture":"#0","tintindex":0},"west":{"uv":[5.0,14.625,8.75,15.75],"rotation":0,"texture":"#0","tintindex":0},"up":{"uv":[14.125,1.75,14.375,1.625],"rotation":0,"texture":"#0","tintindex":0},"down":{"uv":[15.75,1.375,16.0,1.25],"rotation":0,"texture":"#0","tintindex":0}}},{"from":[6.069085,5.894644,6.410226],"to":[6.6405134,7.0375013,10.410227],"rotation":{"angle":0.0,"axis":"y","origin":[-2.8377895,16.693588,13.511131]},"faces":{"east":{"uv":[14.0,0.0,13.125,0.25],"rotation":0,"texture":"#0","tintindex":0},"south":{"uv":[10.5,0.0,10.375,0.25],"rotation":0,"texture":"#0","tintindex":0},"north":{"uv":[11.125,0.0,11.0,0.25],"rotation":0,"texture":"#0","tintindex":0},"west":{"uv":[12.875,0.0,12.0,0.25],"rotation":0,"texture":"#0","tintindex":0},"up":{"uv":[15.875,0.875,16.0,0.0],"rotation":0,"texture":"#0","tintindex":0},"down":{"uv":[15.625,0.875,15.75,0.0],"rotation":0,"texture":"#0","tintindex":0}}},{"from":[5.142857,6.714286,6.857143],"to":[5.714286,7.857143,8.571428],"rotation":{"angle":-22.5,"axis":"z","origin":[6.5714283,6.714286,8.0]},"faces":{"east":{"uv":[8.5,4.25,8.125,4.5],"rotation":0,"texture":"#0","tintindex":0},"south":{"uv":[3.875,9.5,3.75,9.75],"rotation":0,"texture":"#0","tintindex":0},"north":{"uv":[3.75,9.5,3.625,9.75],"rotation":0,"texture":"#0","tintindex":0},"west":{"uv":[8.0,7.125,7.625,7.375],"rotation":0,"texture":"#0","tintindex":0},"up":{"uv":[4.75,5.875,4.875,5.5],"rotation":0,"texture":"#0","tintindex":0},"down":{"uv":[4.75,5.875,4.875,6.25],"rotation":0,"texture":"#0","tintindex":0}}},{"from":[5.714286,5.0,6.857143],"to":[7.428571,8.428572,9.142858],"rotation":{"angle":-22.5,"axis":"z","origin":[6.5714283,6.714286,8.0]},"faces":{"east":{"uv":[9.25,7.125,8.75,7.875],"rotation":0,"texture":"#0","tintindex":0},"south":{"uv":[9.5,3.75,9.125,4.5],"rotation":0,"texture":"#0","tintindex":0},"north":{"uv":[9.375,3.0,9.0,3.75],"rotation":0,"texture":"#0","tintindex":0},"west":{"uv":[3.375,8.75,2.875,9.5],"rotation":0,"texture":"#0","tintindex":0},"up":{"uv":[9.25,7.625,9.625,7.125],"rotation":0,"texture":"#0","tintindex":0},"down":{"uv":[8.5,9.25,8.875,9.75],"rotation":0,"texture":"#0","tintindex":0}}}],"display":{"head":{"translation":[0.0,-6.4,0.0],"scale":[4.0,4.0,4.0]}}}